date,rhr,body_battery,bb_high,stress
2018-08-17,62,,,31.0
2018-08-18,52,,,12.0
2018-08-19,61,,,27.0
2018-08-20,61,,,21.0
2018-08-21,60,,,11.0
2018-08-22,61,,,10.0
2018-08-23,65,,,18.0
2018-08-24,65,,,47.0
2018-08-25,67,,,36.0
2018-08-26,57,,,16.0
2018-08-27,57,,,19.0
2018-08-28,62,,,17.0
2018-08-29,64,,,18.0
2018-08-30,60,,,18.0
2018-08-31,63,,,26.0
2018-09-01,53,,,42.0
2018-09-02,58,,,15.0
2018-09-03,53,,,30.0
2018-09-04,61,,,42.0
2018-09-05,61,,,30.0
2018-09-06,58,,,42.0
2018-09-07,63,,,26.0
2018-09-08,48,,,25.0
2018-09-09,52,,,25.0
2018-09-10,65,,,37.0
2018-09-11,61,,,55.0
2018-09-12,66,,,37.0
2018-09-13,66,,,44.0
2018-09-14,60,,,23.0
2018-09-15,58,,,11.0
2018-09-16,66,,,21.0
2018-09-17,60,,,23.0
2018-09-18,59,,,13.0
2018-09-19,66,,,20.0
2018-09-20,57,,,16.0
2018-09-21,63,,,23.0
2018-09-22,66,,,24.0
2018-09-23,60,,,9.0
2018-09-24,49,,,15.0
2018-09-25,63,,,31.0
2018-09-26,63,,,22.0
2018-09-27,59,,,32.0
2018-09-28,55,,,51.0
2018-09-29,61,,,28.0
2018-09-30,62,,,32.0
2018-10-01,52,,,14.0
2018-10-02,59,,,25.0
2018-10-03,60,,,48.0
2018-10-04,56,,,28.0
2018-10-05,57,,,24.0
2018-10-06,63,,,42.0
2018-10-07,64,,,57.0
2018-10-08,61,,,24.0
2018-10-09,58,,,23.0
2018-10-10,51,,,17.0
2018-10-11,66,,,26.0
2018-10-12,57,,,25.0
2018-10-13,64,,,32.0
2018-10-14,61,,,22.0
2018-10-15,60,,,14.0
2018-10-16,54,,,26.0
2018-10-17,61,,,34.0
2018-10-18,58,,,28.0
2018-10-20,45,,,49.0
2018-10-21,61,,,61.0
2018-10-22,53,,,41.0
2018-10-23,64,,,37.0
2018-10-24,66,,,53.0
2018-10-25,66,,,49.0
2018-10-26,65,,,36.0
2018-10-27,54,,,30.0
2018-10-28,65,,,26.0
2018-10-29,64,,,17.0
2018-11-01,60,,,26.0
2018-11-02,66,,,45.0
2018-11-03,61,,,16.0
2018-11-04,59,,,16.0
2018-11-05,62,,,17.0
2018-11-06,64,,,17.0
2018-11-07,61,,,16.0
2018-11-08,65,,,17.0
2018-11-09,56,,,12.0
2018-11-10,52,,,6.0
2018-11-11,61,,,19.0
2018-11-12,54,,,20.0
2018-11-13,56,,,22.0
2018-11-14,57,,,12.0
2018-11-15,59,,,15.0
2018-11-16,55,,,54.0
2018-11-17,67,,,34.0
2018-11-18,59,,,56.0
2018-11-19,62,,,29.0
2018-11-20,64,,,47.0
2018-11-21,64,,,26.0
2018-11-22,58,,,8.0
2018-11-23,59,,,15.0
2018-11-24,58,,,26.0
2018-11-25,71,,,65.0
2018-11-26,65,,,11.0
2018-11-28,63,,,20.0
2018-11-30,66,,,23.0
2018-12-02,61,,,15.0
2018-12-03,63,,,10.0
2018-12-04,65,,,22.0
2018-12-05,57,,,10.0
2018-12-06,61,,,11.0
2018-12-07,60,,,19.0
2018-12-08,62,,,25.0
2018-12-09,66,,,52.0
2018-12-10,64,,,32.0
2018-12-11,56,,,8.0
2018-12-12,53,,,8.0
2018-12-13,65,,,21.0
2018-12-14,58,,,25.0
2018-12-15,65,,,40.0
2018-12-16,62,,,48.0
2018-12-17,64,,,15.0
2018-12-18,62,,,13.0
2018-12-19,57,,,14.0
2018-12-20,59,,,16.0
2018-12-21,75,,,40.0
2018-12-24,59,,,10.0
2018-12-25,55,,,20.0
2018-12-26,64,,,17.0
2018-12-27,64,,,24.0
2018-12-28,67,,,24.0
2018-12-29,66,,,27.0
2018-12-30,61,,,19.0
2018-12-31,65,,,12.0
2019-01-01,60,,,15.0
2019-01-02,59,,,7.0
2019-01-03,53,,,7.0
2019-01-04,61,,,46.0
2019-01-05,68,,,61.0
2019-01-06,57,,,8.0
2019-01-07,69,,,14.0
2019-01-12,63,,,26.0
2019-01-13,62,,,22.0
2019-01-14,64,,,25.0
2019-01-15,60,,,12.0
2019-01-16,62,,,17.0
2019-01-17,59,,,21.0
2019-01-18,61,,,21.0
2019-01-19,66,,,29.0
2019-01-20,63,,,30.0
2019-01-21,66,,,25.0
2019-01-22,59,,,15.0
2019-01-23,70,,,40.0
2019-01-24,62,,,20.0
2019-01-25,57,,,17.0
2019-01-26,57,,,16.0
2019-01-27,67,,,48.0
2019-01-28,60,,,21.0
2019-01-29,62,,,23.0
2019-01-30,67,,,59.0
2019-02-02,68,,,41.0
2019-02-03,58,,,14.0
2019-02-04,65,,,18.0
2019-02-05,61,,,17.0
2019-02-06,70,,,21.0
2019-02-07,61,,,11.0
2019-02-08,63,,,16.0
2019-02-09,70,,,22.0
2019-02-10,64,,,20.0
2019-02-11,63,,,17.0
2019-02-12,68,,,19.0
2019-02-13,59,,,9.0
2019-02-14,56,,,13.0
2019-02-15,59,,,15.0
2019-02-16,55,,,14.0
2019-02-17,64,,,48.0
2019-02-18,57,,,16.0
2019-02-19,55,,,18.0
2019-02-20,49,,,16.0
2019-02-21,57,,,24.0
2019-02-22,54,,,18.0
2019-02-27,61,,,36.0
2019-02-28,64,,,20.0
2019-03-02,74,,,59.0
2019-03-03,68,,,65.0
2019-03-04,60,,,20.0
2019-03-05,52,,,6.0
2019-03-06,67,,,28.0
2019-03-07,66,,,14.0
2019-03-08,71,,,19.0
2019-03-09,68,,,19.0
2019-03-10,67,,,19.0
2019-03-11,57,,,5.0
2019-03-12,56,,,5.0
2019-03-13,56,,,12.0
2019-03-14,55,,,17.0
2019-03-15,56,,,15.0
2019-03-16,59,,,25.0
2019-03-17,59,,,45.0
2019-03-18,57,,,33.0
2019-03-19,58,,,12.0
2019-05-20,62,,,24.0
2019-05-21,61,,,36.0
2019-05-22,53,,,11.0
2019-05-23,60,,,38.0
2019-05-24,52,,,36.0
2019-05-25,55,,,15.0
2019-05-26,59,,,45.0
2019-05-27,45,,,32.0
2019-05-28,56,,,18.0
2019-05-29,55,,,37.0
2019-05-30,57,,,33.0
2019-05-31,66,,,41.0
2019-06-01,63,,,32.0
2019-06-02,54,,,14.0
2019-06-03,55,,,30.0
2019-06-04,53,,,16.0
2019-06-05,55,,,15.0
2019-06-06,57,,,17.0
2019-06-07,52,,,29.0
2019-06-08,59,,,49.0
2019-06-09,60,,,38.0
2019-06-10,58,,,27.0
2019-06-11,61,,,27.0
2019-06-12,56,,,17.0
2019-06-13,56,,,35.0
2019-06-14,57,,,49.0
2019-06-15,56,,,39.0
2019-06-16,62,,,34.0
2019-06-17,55,,,27.0
2019-06-18,58,,,17.0
2019-06-19,59,,,36.0
2019-06-20,50,,,24.0
2019-06-21,52,,,29.0
2019-06-22,61,,,43.0
2019-06-23,60,,,23.0
2019-06-24,57,,,17.0
2019-06-25,47,,,20.0
2019-06-26,54,,,27.0
2019-06-27,61,,,36.0
2019-06-28,59,,,15.0
2019-06-29,53,,,16.0
2019-06-30,54,,,21.0
2019-07-01,62,,,41.0
2019-07-02,63,,,28.0
2019-07-03,61,,,21.0
2019-07-06,64,,,72.0
2019-07-07,62,,,38.0
2019-07-08,57,,,11.0
2019-07-09,56,,,18.0
2019-07-10,62,,,44.0
2019-07-11,60,,,45.0
2019-07-12,62,,,36.0
2019-07-13,64,,,52.0
2019-07-14,65,,,39.0
2019-07-15,55,,,12.0
2019-07-16,67,,,48.0
2019-07-17,55,,,9.0
2019-07-18,52,,,16.0
2019-07-19,56,,,22.0
2019-07-20,57,,,44.0
2019-07-21,55,,,25.0
2019-07-22,58,,,22.0
2019-07-23,51,,,31.0
2019-07-24,50,,,21.0
2019-07-25,44,,,9.0
2019-07-26,49,,,32.0
2019-07-27,59,,,47.0
2019-07-28,51,,,28.0
2019-07-29,50,,,38.0
2019-07-30,52,,,21.0
2019-07-31,55,,,41.0
2019-08-01,51,,,20.0
2019-08-02,56,,,28.0
2019-08-03,55,,,40.0
2019-08-04,51,,,21.0
2019-08-05,51,,,22.0
2019-08-06,48,,,15.0
2019-08-07,47,,,21.0
2019-08-08,51,,,22.0
2019-08-09,54,,,34.0
2019-08-10,55,,,36.0
2019-08-11,50,,,35.0
2019-08-12,55,,,32.0
2019-08-13,53,,,26.0
2019-08-14,54,,,22.0
2019-08-15,47,,,13.0
2019-08-16,54,,,14.0
2019-08-17,49,,,9.0
2019-08-18,52,,,9.0
2019-08-19,64,,,32.0
2019-08-20,59,,,17.0
2019-08-21,58,,,33.0
2019-08-24,48,,,6.0
2019-08-25,52,,,14.0
2019-08-26,60,,,40.0
2019-08-27,53,,,25.0
2019-08-28,56,,,31.0
2019-08-29,46,,,26.0
2019-08-30,47,,,40.0
2019-08-31,58,,,64.0
2019-09-01,51,,,26.0
2019-09-02,52,,,31.0
2019-09-03,50,,,23.0
2019-09-04,51,,,26.0
2019-09-05,51,,,29.0
2019-09-06,53,,,27.0
2019-09-07,59,,,48.0
2019-09-08,55,,,27.0
2019-09-09,60,,,22.0
2019-09-10,55,,,32.0
2019-09-11,64,,,37.0
2019-09-12,57,,,24.0
2019-09-13,62,,,32.0
2019-09-14,51,,,31.0
2019-09-15,59,,,13.0
2019-09-16,62,,,20.0
2019-09-17,60,,,31.0
2019-09-18,63,,,35.0
2019-09-19,70,,,41.0
2019-09-20,66,,,18.0
2019-09-21,71,,,33.0
2019-09-22,59,,,12.0
2019-09-23,60,,,7.0
2019-09-24,56,,,6.0
2019-09-25,64,,,13.0
2019-09-26,60,,,18.0
2019-09-27,60,,,18.0
2019-09-28,68,,,46.0
2019-09-29,56,,,7.0
2019-09-30,50,,,35.0
2019-10-01,59,,,17.0
2019-10-02,57,,,14.0
2019-10-03,61,,,20.0
2019-10-04,59,,,29.0
2019-10-05,61,,,45.0
2019-10-06,60,,,31.0
2019-10-07,61,,,18.0
2019-10-08,59,,,11.0
2019-10-09,58,,,27.0
2019-10-10,66,,,30.0
2019-10-11,63,,,29.0
2019-10-12,57,,,14.0
2019-10-13,63,,,23.0
2019-10-14,61,,,26.0
2019-10-15,62,,,16.0
2019-10-16,56,,,10.0
2019-10-17,59,,,42.0
2019-10-18,53,,,11.0
2019-10-19,65,,,40.0
2019-10-20,54,,,21.0
2019-10-21,58,,,22.0
2019-10-22,65,,,43.0
2019-10-23,61,,,29.0
2019-10-24,67,,,37.0
2019-10-25,59,,,14.0
2019-10-26,65,,,22.0
2019-10-27,49,,,15.0
2019-10-28,57,,,15.0
2019-10-29,57,,,30.0
2019-10-30,59,,,21.0
2019-10-31,66,,,36.0
2019-11-01,69,,,50.0
2019-11-02,65,,,37.0
2019-11-03,55,,,8.0
2019-11-04,54,,,4.0
2019-11-05,54,,,6.0
2019-11-06,57,,,47.0
2019-11-07,58,,,26.0
2019-11-08,54,,,20.0
2019-11-09,60,,,41.0
2019-11-10,50,,,14.0
2019-11-11,56,,,22.0
2019-11-12,55,,,29.0
2019-11-13,56,,,20.0
2019-11-14,57,,,41.0
2019-11-15,58,,,43.0
2019-11-16,59,,,46.0
2019-11-17,53,,,27.0
2019-11-18,55,,,21.0
2019-11-19,56,,,10.0
2019-11-20,56,,,34.0
2019-11-21,46,,,15.0
2019-11-22,56,,,30.0
2019-11-23,59,,,56.0
2019-11-24,51,,,15.0
2019-11-25,51,,,11.0
2019-11-26,54,,,30.0
2019-11-27,49,,,27.0
2019-11-28,53,,,38.0
2019-11-29,57,,,36.0
2019-11-30,58,,,61.0
2019-12-01,58,,,29.0
2019-12-02,52,,,18.0
2019-12-03,49,,,11.0
2019-12-04,56,,,21.0
2019-12-05,52,,,17.0
2019-12-06,58,,,17.0
2019-12-07,59,,,44.0
2019-12-08,54,,,12.0
2019-12-09,54,,,14.0
2019-12-10,53,,,12.0
2019-12-11,48,,,25.0
2019-12-12,57,,,29.0
2019-12-13,55,,,32.0
2019-12-14,62,,,40.0
2019-12-15,60,,,41.0
2019-12-16,53,,,21.0
2019-12-17,51,,,26.0
2019-12-18,48,,,27.0
2019-12-19,52,,,20.0
2019-12-20,51,,,31.0
2019-12-21,48,,,24.0
2019-12-22,53,,,31.0
2019-12-23,49,,,34.0
2019-12-24,54,,,46.0
2019-12-25,58,,,34.0
2019-12-26,60,,,37.0
2019-12-27,62,,,47.0
2019-12-28,59,,,25.0
2019-12-29,49,,,17.0
2019-12-30,55,,,23.0
2019-12-31,58,,,52.0
2020-01-01,50,,,16.0
2020-01-02,52,,,33.0
2020-01-03,56,,,33.0
2020-01-04,60,,,68.0
2020-01-05,53,,,18.0
2020-01-06,48,,,18.0
2020-01-07,51,,,32.0
2020-01-08,55,,,27.0
2020-01-09,47,,,29.0
2020-01-10,55,,,40.0
2020-01-11,60,,,48.0
2020-01-12,52,,,20.0
2020-01-13,50,,,23.0
2020-01-14,50,,,18.0
2020-01-15,50,,,30.0
2020-01-16,54,,,28.0
2020-01-17,50,,,28.0
2020-01-18,66,,,56.0
2020-01-19,52,,,27.0
2020-01-20,54,,,35.0
2020-01-21,54,,,29.0
2020-01-22,44,,,19.0
2020-01-23,45,,,23.0
2020-01-24,58,,,33.0
2020-01-25,51,,,27.0
2020-01-26,56,,,59.0
2020-01-27,50,,,17.0
2020-01-30,63,,,14.0
2020-01-31,53,,,25.0
2020-02-01,62,,,31.0
2020-02-02,54,,,27.0
2020-02-03,55,,,21.0
2020-02-04,53,,,26.0
2020-02-05,53,,,20.0
2020-02-06,53,,,34.0
2020-02-07,54,,,29.0
2020-02-08,54,,,40.0
2020-02-09,50,,,25.0
2020-02-10,46,,,27.0
2020-02-11,51,,,29.0
2020-02-12,52,,,31.0
2020-02-13,51,,,18.0
2020-02-14,52,,,29.0
2020-02-15,57,,,70.0
2020-02-16,56,,,33.0
2020-02-17,47,,,23.0
2020-02-18,46,,,26.0
2020-02-19,51,,,27.0
2020-02-20,43,,,27.0
2020-02-21,52,,,27.0
2020-02-22,59,,,52.0
2020-02-23,55,,,43.0
2020-02-24,52,,,28.0
2020-02-25,55,,,33.0
2020-02-26,52,,,30.0
2020-02-27,52,,,18.0
2020-02-28,54,,,43.0
2020-02-29,58,,,41.0
2020-03-01,60,,,45.0
2020-03-02,51,,,27.0
2020-03-03,48,,,27.0
2020-03-04,53,,,24.0
2020-03-05,49,,,23.0
2020-03-06,51,,,46.0
2020-03-07,57,,,45.0
2020-03-08,54,,,26.0
2020-03-09,59,,,33.0
2020-03-10,51,,,30.0
2020-03-11,54,,,34.0
2020-03-12,47,,,32.0
2020-03-13,56,,,39.0
2020-03-14,52,,,39.0
2020-03-15,48,,,31.0
2020-03-16,55,,,41.0
2020-03-17,54,,,41.0
2020-03-18,49,,,47.0
2020-03-19,57,,,50.0
2020-03-20,52,,,51.0
2020-03-21,58,,,71.0
2020-03-22,52,,,25.0
2020-03-23,55,,,32.0
2020-03-24,52,,,36.0
2020-03-25,56,,,32.0
2020-03-26,53,,,13.0
2020-03-27,50,,,23.0
2020-03-28,36,,,16.0
2020-03-30,50,,,46.0
2020-04-01,53,,,40.0
2020-04-02,54,,,58.0
2020-04-05,54,,,48.0
2020-04-06,51,,,44.0
2020-04-07,65,,,63.0
2020-04-08,57,,,55.0
2020-04-09,60,,,45.0
2020-04-10,58,,,44.0
2020-04-11,64,,,44.0
2020-04-12,72,,,65.0
2020-04-15,61,,,24.0
2020-04-16,57,,,26.0
2020-04-18,61,,,28.0
2020-04-19,55,,,30.0
2020-04-20,62,,,29.0
2020-04-21,57,,,25.0
2020-04-22,55,,,62.0
2020-04-23,58,,,35.0
2020-04-27,51,,,21.0
2020-04-28,51,,,43.0
2020-04-29,51,,,36.0
2020-04-30,57,,,41.0
2020-05-01,55,,,40.0
2020-05-02,58,,,51.0
2020-05-04,48,,,31.0
2020-05-05,56,,,37.0
2020-05-06,57,,,42.0
2020-05-07,55,,,40.0
2020-05-08,56,,,39.0
2020-05-09,59,,,46.0
2020-05-10,54,,,28.0
2020-05-11,53,,,32.0
2020-05-12,65,,,48.0
2020-05-16,59,,,38.0
2020-05-17,60,,,45.0
2020-05-18,46,,,34.0
2020-05-19,60,,,36.0
2020-05-20,61,,,38.0
2020-05-21,53,,,37.0
2020-05-22,57,,,30.0
2020-05-23,51,,,47.0
2020-05-24,60,,,43.0
2020-05-25,62,,,36.0
2020-05-26,63,,,45.0
2020-05-27,60,,,28.0
2020-05-28,58,,,42.0
2020-05-29,54,,,33.0
2020-05-30,55,,,44.0
2020-05-31,51,,,27.0
2020-06-01,55,,,28.0
2020-06-02,60,,,47.0
2020-06-03,63,,,41.0
2020-06-04,61,,,35.0
2020-06-05,46,,,21.0
2020-06-06,61,,,58.0
2020-06-07,55,,,28.0
2020-06-08,57,,,33.0
2020-06-09,59,,,43.0
2020-06-10,57,,,39.0
2020-06-11,55,,,50.0
2020-06-12,47,,,36.0
2020-06-13,53,,,50.0
2020-06-14,60,,,50.0
2020-06-15,60,,,40.0
2020-06-16,54,,,44.0
2020-06-17,62,,,44.0
2020-06-18,62,,,54.0
2020-06-19,51,,,30.0
2020-06-20,59,,,54.0
2020-06-21,54,,,35.0
2020-06-22,53,,,35.0
2020-06-23,59,,,35.0
2020-06-24,61,,,31.0
2020-06-25,49,,,33.0
2020-06-26,55,,,36.0
2020-06-27,61,,,40.0
2020-06-29,61,,,31.0
2020-06-30,56,,,36.0
2020-07-01,63,,,33.0
2020-07-02,58,,,42.0
2020-07-03,54,,,21.0
2020-07-04,62,,,43.0
2020-07-05,59,,,24.0
2020-07-06,55,,,26.0
2020-07-07,57,,,26.0
2020-07-08,62,,,35.0
2020-07-09,60,,,30.0
2020-07-10,55,,,16.0
2020-07-11,53,,,14.0
2020-07-13,62,,,27.0
2020-07-14,57,,,30.0
2020-07-15,63,,,39.0
2020-07-16,62,,,26.0
2020-07-17,58,,,19.0
2020-07-18,58,,,31.0
2020-07-19,58,,,49.0
2020-07-20,55,,,18.0
2020-07-21,56,,,19.0
2020-07-22,55,,,34.0
2020-07-23,51,,,36.0
2020-07-24,47,,,26.0
2020-07-25,49,,,24.0
2020-07-26,51,,,28.0
2020-07-27,54,,,42.0
2020-07-28,57,,,34.0
2020-07-29,59,,,41.0
2020-07-30,58,,,38.0
2020-07-31,55,,,27.0
2020-08-01,57,,,49.0
2020-08-02,53,,,25.0
2020-08-03,58,,,31.0
2020-08-04,59,,,28.0
2020-08-05,59,,,28.0
2020-08-06,55,,,25.0
2020-08-07,49,,,38.0
2020-08-08,54,,,22.0
2020-08-09,48,,,14.0
2020-08-10,58,,,36.0
2020-08-11,55,,,35.0
2020-08-12,52,,,37.0
2020-08-13,59,,,42.0
2020-08-14,58,,,40.0
2020-08-15,57,,,42.0
2020-08-16,49,,,22.0
2020-08-17,56,,,34.0
2020-08-18,57,,,36.0
2020-08-19,59,,,35.0
2020-08-20,60,,,30.0
2020-08-21,49,,,22.0
2020-08-22,58,,,43.0
2020-08-23,59,,,26.0
2020-08-24,51,,,25.0
2020-08-25,51,,,42.0
2020-08-27,52,,,25.0
2020-08-30,55,,,28.0
2020-08-31,55,,,40.0
2020-09-01,65,,,43.0
2020-09-02,60,,,43.0
2020-09-03,57,,,43.0
2020-09-04,58,,,37.0
2020-09-05,63,,,43.0
2020-09-06,70,,,36.0
2020-09-07,64,,,23.0
2020-09-08,59,,,19.0
2020-09-09,54,,,33.0
2020-09-10,61,,,26.0
2020-09-11,60,,,29.0
2020-09-12,58,,,20.0
2020-09-13,56,,,14.0
2020-09-14,65,,,34.0
2020-09-15,59,,,30.0
2020-09-16,61,,,35.0
2020-09-17,62,,,36.0
2020-09-18,56,,,30.0
2020-09-19,64,,,38.0
2020-09-20,57,,,38.0
2020-09-21,55,,,20.0
2020-09-22,64,,,32.0
2020-09-23,66,,,31.0
2020-09-24,54,,,9.0
2020-09-26,62,,,36.0
2020-09-27,59,,,31.0
2020-09-28,50,,,31.0
2020-09-29,51,,,40.0
2020-09-30,62,,,48.0
2020-10-01,64,,,44.0
2020-10-02,54,,,49.0
2020-10-03,60,,,55.0
2020-10-04,55,,,27.0
2020-10-05,55,,,41.0
2020-10-06,61,,,32.0
2020-10-07,57,,,29.0
2020-10-08,57,,,33.0
2020-10-09,58,,,26.0
2020-10-10,63,,,60.0
2020-10-11,55,,,33.0
2020-10-12,60,,,34.0
2020-10-13,55,,,28.0
2020-10-14,52,,,30.0
2020-10-15,60,,,31.0
2020-10-16,48,,,18.0
2020-10-17,68,,,53.0
2020-10-18,61,,,33.0
2020-10-19,59,,,36.0
2020-10-20,58,,,23.0
2020-10-21,54,,,19.0
2020-10-22,60,,,37.0
2020-10-23,53,,,40.0
2020-10-24,63,,,68.0
2020-10-25,56,,,21.0
2020-10-26,55,,,27.0
2020-10-27,57,,,39.0
2020-10-28,48,,,26.0
2020-10-29,57,,,35.0
2020-10-30,50,,,38.0
2020-10-31,60,,,58.0
2020-11-01,51,,,35.0
2020-11-03,60,,,34.0
2020-11-04,58,,,34.0
2020-11-05,61,,,41.0
2020-11-06,57,,,34.0
2020-11-07,63,,,55.0
2020-11-08,55,,,12.0
2020-11-09,59,,,20.0
2020-11-10,52,,,23.0
2020-11-11,58,,,21.0
2020-11-12,51,,,26.0
2020-11-13,49,,,31.0
2020-11-14,59,,,59.0
2020-11-15,56,,,31.0
2020-11-16,54,,,35.0
2020-11-17,46,,,27.0
2020-11-18,59,,,45.0
2020-11-19,48,,,34.0
2020-11-20,51,,,35.0
2020-11-21,51,,,45.0
2020-11-22,56,,,26.0
2020-11-23,54,,,35.0
2020-11-24,53,,,34.0
2020-11-25,49,,,39.0
2020-11-26,57,,,37.0
2020-11-27,54,,,28.0
2020-11-28,59,,,46.0
2020-11-29,59,,,27.0
2020-11-30,50,,,29.0
2020-12-01,45,,,22.0
2020-12-02,51,,,20.0
2020-12-03,50,,,33.0
2020-12-04,57,,,44.0
2020-12-05,48,,,57.0
2020-12-06,53,,,29.0
2020-12-07,43,,,33.0
2020-12-08,55,,,69.0
2020-12-09,60,,,47.0
2020-12-10,52,,,26.0
2020-12-11,52,,,35.0
2020-12-12,53,,,26.0
2020-12-13,52,,,25.0
2020-12-14,51,,,28.0
2020-12-15,48,,,36.0
2020-12-16,49,,,28.0
2020-12-17,47,,,27.0
2020-12-18,55,,,37.0
2020-12-19,55,,,45.0
2020-12-20,46,,,23.0
2020-12-22,52,,,38.0
2020-12-23,57,,,32.0
2020-12-28,66,,,46.0
2020-12-29,67,,,64.0
2020-12-30,67,,,20.0
2021-01-04,60,,,41.0
2021-01-05,61,,,42.0
2021-01-06,57,,,41.0
2021-01-07,63,,,39.0
2021-01-08,62,,,32.0
2021-01-09,66,,,47.0
2021-01-10,56,,,15.0
2021-01-11,55,,,22.0
2021-01-12,54,,,31.0
2021-01-13,60,,,45.0
2021-01-14,63,,,37.0
2021-01-15,64,,,51.0
2021-01-16,65,,,60.0
2021-01-17,59,,,28.0
2021-01-18,57,,,32.0
2021-01-19,53,,,23.0
2021-01-20,60,,,41.0
2021-01-21,54,,,23.0
2021-01-22,58,,,42.0
2021-01-23,64,,,80.0
2021-01-24,54,,,23.0
2021-01-25,53,,,33.0
2021-01-26,61,,,45.0
2021-01-27,63,,,43.0
2021-01-28,63,,,31.0
2021-01-29,59,,,42.0
2021-01-30,56,,,51.0
2021-01-31,52,,,14.0
2021-02-01,51,,,40.0
2021-02-02,61,,,52.0
2021-02-03,55,,,57.0
2021-02-04,59,,,45.0
2021-02-05,61,,,55.0
2021-02-06,57,,,52.0
2021-02-07,55,,,24.0
2021-02-08,55,,,28.0
2021-02-09,52,,,28.0
2021-02-10,50,,,25.0
2021-02-11,60,,,47.0
2021-02-12,55,,,29.0
2021-02-13,64,,,59.0
2021-02-14,54,,,24.0
2021-02-15,41,,,23.0
2021-02-16,52,,,42.0
2021-02-17,56,,,26.0
2021-02-18,54,,,33.0
2021-02-19,52,,,43.0
2021-02-20,57,,,60.0
2021-02-21,57,,,38.0
2021-02-22,43,,,24.0
2021-02-23,51,,,29.0
2021-02-24,48,,,39.0
2021-02-25,55,,,43.0
2021-02-26,62,,,50.0
2021-02-27,62,,,61.0
2021-03-01,50,,,22.0
2021-03-02,51,,,22.0
2021-03-03,56,,,28.0
2021-03-04,55,,,21.0
2021-03-05,56,,,42.0
2021-03-06,60,,,69.0
2021-03-07,53,,,32.0
2021-03-08,52,,,39.0
2021-03-09,52,,,32.0
2021-03-10,53,,,43.0
2021-03-11,54,,,35.0
2021-03-12,62,,,51.0
2021-03-13,50,,,33.0
2021-03-14,52,,,22.0
2021-03-15,47,,,27.0
2021-03-16,49,,,19.0
2021-03-17,50,,,31.0
2021-03-18,48,,,23.0
2021-03-19,46,,,30.0
2021-03-20,55,,,37.0
2021-03-21,50,,,22.0
2021-03-22,48,,,28.0
2021-03-23,52,,,41.0
2021-03-24,51,,,33.0
2021-03-25,45,,,36.0
2021-03-26,51,,,33.0
2021-03-27,49,,,19.0
2021-03-28,44,,,14.0
2021-03-29,48,,,27.0
2021-03-30,52,,,37.0
2021-03-31,53,,,50.0
2021-04-01,58,,,49.0
2021-04-02,58,,,46.0
2021-04-03,58,,,41.0
2021-04-04,52,,,32.0
2021-04-05,56,,,31.0
2021-04-06,55,,,36.0
2021-04-07,58,,,31.0
2021-04-08,55,,,47.0
2021-04-09,50,,,21.0
2021-04-10,54,,,33.0
2021-04-11,54,,,21.0
2021-04-12,52,,,26.0
2021-04-13,53,,,31.0
2021-04-14,53,,,34.0
2021-04-15,52,,,28.0
2021-04-16,46,,,29.0
2021-04-17,46,,,20.0
2021-04-18,49,,,29.0
2021-04-19,53,,,38.0
2021-04-20,53,,,25.0
2021-04-21,46,,,25.0
2021-04-22,49,,,24.0
2021-04-23,47,,,30.0
2021-04-24,49,,,30.0
2021-04-25,50,,,21.0
2021-04-26,47,,,31.0
2021-04-27,53,,,40.0
2021-04-28,52,,,29.0
2021-04-29,51,,,30.0
2021-04-30,51,,,33.0
2021-05-01,54,,,41.0
2021-05-02,44,,,17.0
2021-05-03,51,,,23.0
2021-05-04,52,,,23.0
2021-05-05,47,,,25.0
2021-05-06,46,,,33.0
2021-05-07,49,,,27.0
2021-05-08,52,,,36.0
2021-05-09,47,,,16.0
2021-05-10,51,,,27.0
2021-05-11,52,,,36.0
2021-05-12,47,,,34.0
2021-05-13,50,,,38.0
2021-05-14,55,,,45.0
2021-05-15,55,,,37.0
2021-05-16,47,,,15.0
2021-05-17,49,,,35.0
2021-05-18,51,,,33.0
2021-05-19,49,,,30.0
2021-05-20,47,,,30.0
2021-05-21,49,,,31.0
2021-05-22,54,,,33.0
2021-05-23,48,,,22.0
2021-05-24,44,,,32.0
2021-05-25,52,,,33.0
2021-05-26,53,,,34.0
2021-05-27,53,,,30.0
2021-05-28,48,,,33.0
2021-05-29,53,,,31.0
2021-05-30,47,,,19.0
2021-05-31,50,,,29.0
2021-06-01,50,,,28.0
2021-06-02,52,,,29.0
2021-06-03,52,,,34.0
2021-06-04,51,,,32.0
2021-06-05,51,,,44.0
2021-06-06,51,,,21.0
2021-06-07,49,,,32.0
2021-06-08,54,,,34.0
2021-06-09,53,,,36.0
2021-06-10,49,,,23.0
2021-06-11,52,,,23.0
2021-06-12,50,,,23.0
2021-06-13,56,,,42.0
2021-06-14,54,,,25.0
2021-06-15,52,,,32.0
2021-06-16,48,,,28.0
2021-06-17,54,,,32.0
2021-06-18,53,,,36.0
2021-06-19,54,,,33.0
2021-06-20,45,,,32.0
2021-06-21,54,,,
2021-06-22,52,,,32.0
2021-06-23,51,,,27.0
2021-06-24,56,,,
2021-06-25,54,,,31.0
2021-06-26,42,,,24.0
2021-06-27,53,,,-1.0
2021-06-28,52,,,-1.0
2021-06-29,52,,,-1.0
2021-06-30,57,,,-1.0
2021-07-01,55,,,
2021-07-02,51,,,13.0
2021-07-03,54,,,-1.0
2021-07-04,54,,,
2021-07-05,54,,,30.0
2021-07-06,46,,,-1.0
2021-07-07,49,,,49.0
2021-07-08,59,,,19.0
2021-07-09,53,,,29.0
2021-07-10,39,,,7.0
2021-07-11,56,,,-1.0
2021-07-12,49,,,24.0
2021-07-13,48,,,28.0
2021-07-14,50,,,24.0
2021-07-15,53,,,30.0
2021-07-16,45,,,16.0
2021-07-17,56,,,-1.0
2021-07-18,69,,,-1.0
2021-07-19,50,,,37.0
2021-07-20,53,,,29.0
2021-07-21,56,,,37.0
2021-07-22,50,,,31.0
2021-07-24,58,,,43.0
2021-07-25,52,,,19.0
2021-07-26,53,,,24.0
2021-07-27,42,,,
2021-07-28,44,,,
2021-07-29,40,,,
2021-07-30,39,,,
2021-07-31,58,,,
2021-08-01,46,,,
2021-08-02,50,,,24.0
2021-08-03,49,,,24.0
2021-08-04,59,,,40.0
2021-08-05,53,,,29.0
2021-08-07,58,,,48.0
2021-08-08,46,,,21.0
2021-08-09,42,,,-1.0
2021-08-10,41,,,
2021-08-11,41,,,
2021-08-12,42,,,
2021-08-13,49,,,
2021-08-14,56,,,
2021-08-16,44,,,
2021-08-17,51,,,
2021-08-20,39,,,
2021-08-21,46,,,
2021-08-22,45,,,
2021-08-23,43,,,
2021-08-24,45,,,
2021-08-25,67,,,
2021-08-30,47,,,
2021-08-31,53,,,
2021-09-03,60,,,56.0
2021-09-04,68,,,67.0
2021-09-05,48,,,20.0
2021-09-06,41,,,19.0
2021-09-07,46,,,24.0
2021-09-08,43,,,32.0
2021-09-09,38,,,66.0
2021-09-10,52,,,39.0
2021-09-11,49,,,35.0
2021-09-12,37,,,35.0
2021-09-13,51,,,49.0
2021-09-14,50,,,44.0
2021-09-15,56,,,52.0
2021-09-16,54,,,44.0
2021-09-17,54,,,45.0
2021-09-18,57,,,54.0
2021-09-19,55,,,35.0
2021-09-20,59,,,47.0
2021-09-21,55,,,38.0
2021-09-22,54,,,41.0
2021-09-23,49,,,39.0
2021-09-24,50,,,29.0
2021-09-25,48,,,40.0
2021-09-26,53,,,33.0
2021-09-27,60,,,45.0
2021-09-28,52,,,43.0
2021-09-30,55,,,40.0
2021-10-01,54,,,32.0
2021-10-02,59,,,44.0
2021-10-03,58,,,31.0
2021-10-04,53,,,37.0
2021-10-05,50,,,42.0
2021-10-06,61,,,52.0
2021-10-07,56,,,39.0
2021-10-08,60,,,52.0
2021-10-09,63,,,81.0
2021-10-10,51,,,22.0
2021-10-11,62,,,72.0
2021-10-12,50,,,26.0
2021-10-13,54,,,31.0
2021-10-14,49,,,12.0
2021-10-15,49,,,31.0
2021-10-16,64,,,65.0
2021-10-17,46,,,25.0
2021-10-18,51,,,36.0
2021-10-19,51,,,33.0
2021-10-20,57,,,46.0
2021-10-21,49,,,27.0
2021-10-22,55,,,38.0
2021-10-23,57,,,61.0
2021-10-24,58,,,48.0
2021-10-25,48,,,21.0
2021-10-26,51,,,27.0
2021-10-27,56,,,38.0
2021-10-28,46,,,17.0
2021-10-29,47,,,49.0
2021-10-30,58,,,68.0
2021-10-31,50,,,28.0
2021-11-01,56,,,67.0
2021-11-02,50,,,28.0
2021-11-03,47,,,31.0
2021-11-04,49,,,31.0
2021-11-05,59,,,52.0
2021-11-06,57,,,63.0
2021-11-07,49,,,24.0
2021-11-08,44,,,18.0
2021-11-09,49,,,29.0
2021-11-10,51,,,31.0
2021-11-11,50,,,30.0
2021-11-12,51,,,37.0
2021-11-13,47,,,34.0
2021-11-14,60,,,70.0
2021-11-15,54,,,33.0
2021-11-16,47,,,25.0
2021-11-17,57,,,50.0
2021-11-18,55,,,33.0
2021-11-19,61,,,55.0
2021-11-20,61,,,62.0
2021-11-21,47,,,20.0
2021-11-22,52,,,37.0
2021-11-23,49,,,26.0
2021-11-24,61,,,72.0
2021-11-25,59,,,40.0
2021-11-26,56,,,30.0
2021-11-27,59,,,54.0
2021-11-28,62,,,63.0
2021-11-29,58,,,30.0
2021-11-30,51,,,33.0
2021-12-01,63,,,34.0
2021-12-02,56,,,26.0
2021-12-03,63,,,47.0
2021-12-04,63,,,40.0
2021-12-05,60,,,22.0
2021-12-06,53,,,17.0
2021-12-07,51,,,19.0
2021-12-08,54,,,51.0
2021-12-09,49,,,27.0
2021-12-10,57,,,34.0
2021-12-11,59,,,55.0
2021-12-12,59,,,44.0
2021-12-13,53,,,29.0
2021-12-14,51,,,23.0
2021-12-15,52,,,34.0
2021-12-16,56,,,30.0
2021-12-17,54,,,29.0
2021-12-18,59,,,62.0
2021-12-19,52,,,21.0
2021-12-20,53,,,28.0
2021-12-21,48,,,20.0
2021-12-22,57,,,38.0
2021-12-23,49,,,22.0
2021-12-24,42,,,18.0
2021-12-25,43,,,69.0
2021-12-26,61,,,63.0
2021-12-27,55,,,35.0
2021-12-28,48,,,30.0
2021-12-29,54,,,44.0
2021-12-30,56,,,45.0
2021-12-31,59,,,39.0
2022-01-01,52,,,25.0
2022-01-02,54,,,50.0
2022-01-03,51,,,19.0
2022-01-04,56,,,29.0
2022-01-05,48,,,32.0
2022-01-06,59,,,37.0
2022-01-07,58,,,62.0
2022-01-08,54,,,27.0
2022-01-09,53,,,32.0
2022-01-10,52,,,33.0
2022-01-11,54,,,42.0
2022-01-12,52,,,30.0
2022-01-14,52,,,30.0
2022-01-15,66,,,67.0
2022-01-16,54,,,21.0
2022-01-17,57,,,29.0
2022-01-18,54,,,26.0
2022-01-19,59,,,39.0
2022-01-20,61,,,34.0
2022-01-21,48,,,19.0
2022-01-22,60,,,50.0
2022-01-23,48,,,23.0
2022-01-24,49,,,36.0
2022-01-25,55,,,35.0
2022-01-26,55,,,34.0
2022-01-27,51,,,43.0
2022-01-28,59,,,35.0
2022-01-29,59,,,71.0
2022-01-30,64,,,59.0
2022-01-31,52,,,36.0
2022-02-01,49,,,34.0
2022-02-02,51,,,31.0
2022-02-03,60,,,35.0
2022-02-04,48,,,18.0
2022-02-05,60,,,65.0
2022-02-06,61,,,53.0
2022-02-07,45,,,21.0
2022-02-08,48,,,23.0
2022-02-09,51,,,22.0
2022-02-10,57,,,31.0
2022-02-11,53,,,15.0
2022-02-12,59,,,46.0
2022-02-13,48,,,22.0
2022-02-14,47,,,21.0
2022-02-15,54,,,24.0
2022-02-16,50,,,25.0
2022-02-17,43,,,30.0
2022-02-18,51,,,21.0
2022-02-19,55,,,69.0
2022-02-20,55,,,52.0
2022-02-21,48,,,26.0
2022-02-22,32,,,32.0
2022-02-23,52,,,29.0
2022-02-24,46,,,20.0
2022-02-25,52,,,29.0
2022-02-26,58,,,56.0
2022-02-27,50,,,42.0
2022-02-28,45,,,26.0
2022-03-01,50,,,29.0
2022-03-02,51,,,34.0
2022-03-03,50,,,26.0
2022-03-04,54,,,50.0
2022-03-05,56,,,76.0
2022-03-07,53,,,35.0
2022-03-08,51,,,26.0
2022-03-09,48,,,27.0
2022-03-10,53,,,37.0
2022-03-12,67,,,71.0
2022-03-13,57,,,29.0
2022-03-14,50,,,27.0
2022-03-16,54,,,29.0
2022-03-18,51,,,39.0
2022-03-19,58,,,60.0
2022-03-21,47,,,24.0
2022-03-22,50,,,37.0
2022-03-23,57,,,44.0
2022-03-24,57,,,54.0
2022-03-25,53,,,41.0
2022-03-26,53,,,41.0
2022-03-27,60,,,42.0
2022-03-28,53,,,34.0
2022-03-29,54,,,24.0
2022-03-30,59,,,50.0
2022-03-31,59,,,39.0
2022-04-01,54,,,32.0
2022-04-02,63,,,45.0
2022-04-03,59,,,35.0
2022-04-04,53,,,27.0
2022-04-05,58,,,47.0
2022-04-06,62,,,36.0
2022-04-07,55,,,36.0
2022-04-08,45,,,28.0
2022-04-09,56,,,42.0
2022-04-10,60,,,60.0
2022-04-11,56,,,35.0
2022-04-12,57,,,26.0
2022-04-13,54,,,42.0
2022-04-14,59,,,58.0
2022-04-15,37,,,17.0
2022-04-16,54,,,66.0
2022-04-17,58,,,66.0
2022-04-18,46,,,28.0
2022-04-19,53,,,30.0
2022-04-20,50,,,29.0
2022-04-21,52,,,34.0
2022-04-22,50,,,30.0
2022-04-23,57,,,60.0
2022-04-24,52,,,41.0
2022-04-25,48,,,26.0
2022-04-26,52,,,28.0
2022-04-27,53,,,37.0
2022-04-28,49,,,19.0
2022-04-29,50,,,27.0
2022-04-30,49,,,57.0
2022-05-01,57,,,80.0
2022-05-02,49,,,20.0
2022-05-03,53,,,24.0
2022-05-04,56,,,30.0
2022-05-05,52,,,32.0
2022-05-06,39,,,33.0
2022-05-07,48,,,34.0
2022-05-08,54,,,62.0
2022-05-09,53,,,21.0
2022-05-10,55,,,31.0
2022-05-11,53,,,26.0
2022-05-12,55,,,34.0
2022-05-13,58,,,42.0
2022-05-14,60,,,62.0
2022-05-15,52,,,24.0
2022-05-16,43,,,24.0
2022-05-17,51,,,34.0
2022-05-18,56,,,26.0
2022-05-19,54,,,26.0
2022-05-20,55,,,42.0
2022-05-21,58,,,47.0
2022-05-22,59,,,55.0
2022-05-23,56,,,33.0
2022-05-24,53,,,47.0
2022-05-25,57,,,38.0
2022-05-26,58,,,47.0
2022-05-27,52,,,21.0
2022-06-02,53,,,35.0
2022-06-03,53,,,33.0
2022-06-04,59,,,51.0
2022-06-05,68,,,63.0
2022-06-06,57,,,37.0
2022-06-07,67,,,50.0
2022-06-08,63,,,43.0
2022-06-09,49,,,31.0
2022-06-10,54,,,26.0
2022-06-11,65,,,51.0
2022-06-12,61,,,36.0
2022-06-13,60,,,30.0
2022-06-14,54,,,23.0
2022-06-15,48,,,33.0
2022-06-16,57,,,33.0
2022-06-17,54,,,27.0
2022-06-18,56,,,52.0
2022-06-19,60,,,40.0
2022-06-20,53,,,28.0
2022-06-21,53,,,43.0
2022-06-22,57,,,22.0
2022-06-23,60,,,37.0
2022-06-24,56,,,21.0
2022-06-25,55,,,42.0
2022-06-26,58,,,31.0
2022-06-27,50,,,17.0
2022-06-28,47,,,35.0
2022-06-29,50,,,23.0
2022-06-30,58,,,39.0
2022-07-01,47,,,45.0
2022-07-02,57,,,55.0
2022-07-03,55,,,48.0
2022-07-04,49,,,23.0
2022-07-05,58,,,18.0
2022-07-06,50,,,18.0
2022-07-07,42,,,38.0
2022-07-08,57,,,44.0
2022-07-09,57,,,46.0
2022-07-10,47,,,17.0
2022-07-13,59,,,40.0
2022-07-14,59,,,43.0
2022-07-15,57,,,29.0
2022-07-16,51,,,45.0
2022-07-17,53,,,25.0
2022-07-18,63,,,36.0
2022-07-19,59,,,36.0
2022-07-20,52,,,36.0
2022-07-21,56,,,35.0
2022-07-22,55,,,35.0
2022-07-23,61,,,26.0
2022-07-24,62,,,33.0
2022-07-25,47,,,23.0
2022-07-26,57,,,45.0
2022-07-27,56,,,28.0
2022-07-28,61,,,36.0
2022-07-29,51,,,18.0
2022-07-30,62,,,75.0
2022-07-31,64,,,44.0
2022-08-01,53,,,31.0
2022-08-02,55,,,28.0
2022-08-03,50,,,24.0
2022-08-04,50,,,31.0
2022-08-05,51,,,36.0
2022-08-06,55,,,31.0
2022-08-07,56,,,38.0
2022-08-08,52,,,22.0
2022-08-09,52,,,40.0
2022-08-10,58,,,36.0
2022-08-11,55,,,40.0
2022-08-13,83,,,71.0
2022-08-14,58,,,22.0
2022-08-15,57,,,39.0
2022-08-16,54,,,39.0
2022-08-17,55,,,15.0
2022-08-18,38,,,34.0
2022-08-19,60,,,33.0
2022-08-20,59,,,57.0
2022-08-21,50,,,32.0
2022-08-22,62,,,32.0
2022-08-23,51,,,33.0
2022-08-24,57,,,30.0
2022-08-25,61,,,39.0
2022-08-26,43,,,30.0
2022-08-27,59,,,49.0
2022-08-28,60,,,49.0
2022-08-29,52,,,31.0
2022-08-30,58,,,36.0
2022-08-31,56,,,34.0
2022-09-01,56,,,37.0
2022-09-02,52,,,22.0
2022-09-03,58,,,63.0
2022-09-04,54,,,36.0
2022-09-05,61,,,37.0
2022-09-06,61,,,39.0
2022-09-07,45,,,34.0
2022-09-08,53,,,35.0
2022-09-09,58,,,38.0
2022-09-10,66,,,63.0
2022-09-11,55,,,30.0
2022-09-12,57,,,35.0
2022-09-13,62,,,39.0
2022-09-14,53,,,31.0
2022-09-15,54,,,42.0
2022-09-16,59,,,34.0
2022-09-17,61,,,38.0
2022-09-18,58,,,44.0
2022-09-19,62,,,39.0
2022-09-20,49,,,35.0
2022-09-21,63,,,50.0
2022-09-22,64,,,39.0
2022-09-23,60,,,42.0
2022-09-24,64,,,44.0
2022-09-25,65,,,75.0
2022-09-26,59,,,26.0
2022-09-27,59,,,24.0
2022-09-28,61,,,33.0
2022-09-29,63,,,34.0
2022-09-30,56,,,14.0
2022-10-01,56,,,47.0
2022-10-02,64,,,45.0
2022-10-03,50,,,30.0
2022-10-04,61,,,32.0
2022-10-05,59,,,38.0
2022-10-06,49,,,26.0
2022-10-07,52,,,32.0
2022-10-08,46,,,46.0
2022-10-09,50,,,56.0
2022-10-10,56,,,43.0
2022-10-11,52,,,30.0
2022-10-12,61,,,48.0
2022-10-13,51,,,30.0
2022-10-14,56,,,25.0
2022-10-15,60,,,51.0
2022-10-16,62,,,44.0
2022-10-17,58,,,25.0
2022-10-18,51,,,14.0
2022-10-19,48,,,39.0
2022-10-20,58,,,34.0
2022-10-21,60,,,35.0
2022-10-22,74,,,51.0
2022-11-04,52,60.0,87.0,33.0
2022-11-05,56,59.0,71.0,16.0
2022-11-06,51,65.0,92.0,13.0
2022-11-07,61,27.0,96.0,23.0
2022-11-08,58,43.0,76.0,18.0
2022-11-09,58,44.0,90.0,16.0
2022-11-10,47,41.0,80.0,16.0
2022-11-11,54,45.0,83.0,16.0
2022-11-12,55,46.0,93.0,20.0
2022-11-13,56,62.0,74.0,15.0
2022-11-14,51,29.0,94.0,16.0
2022-11-15,55,45.0,79.0,17.0
2022-11-16,56,26.0,83.0,20.0
2022-11-17,53,33.0,76.0,17.0
2022-11-18,57,36.0,90.0,19.0
2022-11-19,58,28.0,84.0,31.0
2022-11-20,59,45.0,74.0,17.0
2022-11-21,60,55.0,95.0,17.0
2022-11-22,53,54.0,99.0,19.0
2022-11-23,60,23.0,91.0,26.0
2022-11-24,48,36.0,73.0,15.0
2022-11-25,60,27.0,76.0,26.0
2022-11-26,62,10.0,79.0,33.0
2022-11-27,61,23.0,38.0,24.0
2022-11-28,53,55.0,83.0,16.0
2022-11-29,59,40.0,79.0,24.0
2022-11-30,59,27.0,80.0,24.0
2022-12-01,53,36.0,72.0,19.0
2022-12-02,58,27.0,90.0,24.0
2022-12-03,56,44.0,82.0,22.0
2022-12-04,60,5.0,87.0,49.0
2022-12-05,53,44.0,69.0,21.0
2022-12-06,56,33.0,83.0,25.0
2022-12-07,55,32.0,90.0,27.0
2022-12-08,60,13.0,79.0,39.0
2022-12-09,54,41.0,84.0,21.0
2022-12-10,50,43.0,67.0,17.0
2022-12-11,59,48.0,79.0,26.0
2022-12-12,58,28.0,97.0,26.0
2022-12-13,55,42.0,77.0,25.0
2022-12-14,60,28.0,83.0,32.0
2022-12-15,56,30.0,72.0,24.0
2022-12-16,54,45.0,74.0,30.0
2022-12-17,60,19.0,63.0,49.0
2022-12-18,47,38.0,85.0,33.0
2022-12-22,49,61.0,76.0,16.0
2022-12-23,51,66.0,86.0,18.0
2022-12-24,51,58.0,64.0,14.0
2022-12-26,49,50.0,81.0,19.0
2022-12-27,48,56.0,84.0,19.0
2022-12-28,46,33.0,100.0,25.0
2022-12-29,54,33.0,79.0,36.0
2022-12-31,53,22.0,29.0,30.0
2023-01-01,47,30.0,58.0,23.0
2023-01-02,54,41.0,60.0,34.0
2023-01-04,52,27.0,81.0,31.0
2023-01-05,53,24.0,70.0,42.0
2023-01-06,56,19.0,71.0,52.0
2023-01-07,49,33.0,63.0,28.0
2023-01-08,57,17.0,74.0,57.0
2023-01-09,49,37.0,58.0,27.0
2023-01-10,46,15.0,79.0,28.0
2023-01-11,58,16.0,69.0,41.0
2023-01-12,57,21.0,71.0,36.0
2023-01-13,66,22.0,76.0,57.0
2023-01-14,60,16.0,68.0,45.0
2023-01-15,60,18.0,72.0,35.0
2023-01-16,58,23.0,74.0,32.0
2023-01-17,58,19.0,72.0,38.0
2023-01-18,51,17.0,73.0,29.0
2023-01-19,56,31.0,69.0,28.0
2023-01-20,56,31.0,86.0,29.0
2023-01-21,61,5.0,76.0,46.0
2023-01-22,54,48.0,79.0,28.0
2023-01-23,53,5.0,92.0,35.0
2023-01-24,57,8.0,38.0,34.0
2023-01-25,54,16.0,50.0,26.0
2023-01-26,54,23.0,78.0,28.0
2023-01-27,52,37.0,83.0,27.0
2023-01-28,50,9.0,80.0,35.0
2023-01-29,48,35.0,68.0,25.0
2023-01-30,51,17.0,79.0,23.0
2023-01-31,56,14.0,83.0,39.0
2023-02-01,51,25.0,77.0,31.0
2023-02-02,50,10.0,74.0,36.0
2023-02-03,50,31.0,59.0,22.0
2023-02-04,51,13.0,79.0,32.0
2023-02-05,55,17.0,68.0,38.0
2023-02-06,50,36.0,86.0,24.0
2023-02-07,50,19.0,81.0,23.0
2023-02-08,55,14.0,68.0,31.0
2023-02-09,56,16.0,80.0,37.0
2023-02-10,53,32.0,76.0,24.0
2023-02-11,50,48.0,78.0,27.0
2023-02-12,49,32.0,97.0,24.0
2023-02-13,44,34.0,81.0,19.0
2023-02-14,56,20.0,84.0,31.0
2023-02-15,54,22.0,67.0,26.0
2023-02-16,51,22.0,65.0,19.0
2023-02-17,53,53.0,73.0,20.0
2023-02-18,50,18.0,90.0,30.0
2023-02-19,45,23.0,89.0,26.0
2023-02-20,46,28.0,65.0,20.0
2023-02-21,49,17.0,81.0,21.0
2023-02-22,48,26.0,77.0,24.0
2023-02-23,48,17.0,79.0,28.0
2023-02-24,53,40.0,61.0,23.0
2023-02-25,44,40.0,95.0,20.0
2023-02-26,46,26.0,99.0,21.0
2023-02-27,47,38.0,86.0,20.0
2023-02-28,45,32.0,90.0,21.0
2023-03-01,51,9.0,77.0,22.0
2023-03-02,46,40.0,73.0,21.0
2023-03-03,51,23.0,86.0,33.0
2023-03-04,52,30.0,83.0,69.0
2023-03-06,48,48.0,86.0,19.0
2023-03-07,45,47.0,94.0,20.0
2023-03-08,47,26.0,98.0,26.0
2023-03-09,49,45.0,82.0,25.0
2023-03-10,45,22.0,84.0,36.0
2023-03-11,51,20.0,87.0,45.0
2023-03-12,50,33.0,75.0,25.0
2023-03-13,48,40.0,89.0,18.0
2023-03-14,48,29.0,88.0,26.0
2023-03-15,53,20.0,88.0,31.0
2023-03-16,44,61.0,80.0,20.0
2023-03-17,44,52.0,93.0,19.0
2023-03-18,43,26.0,86.0,26.0
2023-03-19,42,52.0,90.0,19.0
2023-03-20,47,30.0,91.0,29.0
2023-03-21,50,39.0,88.0,29.0
2023-03-22,49,32.0,80.0,25.0
2023-03-23,44,42.0,79.0,19.0
2023-03-24,48,20.0,73.0,29.0
2023-03-25,50,13.0,75.0,40.0
2023-03-26,50,24.0,34.0,28.0
2023-03-27,49,40.0,87.0,31.0
2023-03-28,43,14.0,90.0,20.0
2023-03-29,48,31.0,90.0,25.0
2023-03-30,50,32.0,96.0,26.0
2023-03-31,51,19.0,38.0,36.0
2023-04-01,46,5.0,91.0,31.0
2023-04-02,54,18.0,38.0,28.0
2023-04-03,47,36.0,96.0,20.0
2023-04-04,48,30.0,100.0,22.0
2023-04-05,47,36.0,90.0,28.0
2023-04-06,48,29.0,67.0,31.0
2023-04-07,49,5.0,69.0,31.0
2023-04-08,51,41.0,50.0,26.0
2023-04-09,46,27.0,96.0,25.0
2023-04-10,48,5.0,70.0,36.0
2023-04-11,52,15.0,43.0,28.0
2023-04-12,53,5.0,20.0,60.0
2023-04-13,49,13.0,28.0,31.0
2023-04-14,54,27.0,70.0,36.0
2023-04-15,47,58.0,87.0,27.0
2023-04-16,48,44.0,93.0,31.0
2023-04-17,50,27.0,79.0,27.0
2023-04-18,48,72.0,88.0,21.0
2023-04-19,47,22.0,100.0,27.0
2023-04-20,51,16.0,57.0,33.0
2023-04-21,53,49.0,72.0,34.0
2023-04-22,47,16.0,100.0,32.0
2023-04-23,49,38.0,79.0,32.0
2023-04-24,44,37.0,94.0,21.0
2023-04-25,47,30.0,91.0,27.0
2023-04-26,53,18.0,69.0,31.0
2023-04-27,51,17.0,63.0,28.0
2023-04-28,51,25.0,29.0,24.0
2023-04-29,51,42.0,75.0,30.0
2023-04-30,46,36.0,100.0,26.0
2023-05-01,49,16.0,82.0,32.0
2023-05-02,47,45.0,83.0,25.0
2023-05-03,53,10.0,72.0,34.0
2023-05-04,51,28.0,51.0,27.0
2023-05-05,46,56.0,71.0,21.0
2023-05-06,53,25.0,72.0,45.0
2023-05-07,45,52.0,54.0,27.0
2023-05-08,43,47.0,84.0,20.0
2023-05-09,52,29.0,44.0,40.0
2023-05-10,51,7.0,54.0,37.0
2023-05-11,52,23.0,63.0,41.0
2023-05-12,48,33.0,75.0,32.0
2023-05-13,46,44.0,60.0,21.0
2023-05-14,53,12.0,90.0,47.0
2023-05-15,50,39.0,75.0,27.0
2023-05-16,51,66.0,82.0,23.0
2023-05-17,50,28.0,98.0,28.0
2023-05-18,54,25.0,76.0,39.0
2023-05-19,54,30.0,83.0,31.0
2023-05-20,53,22.0,78.0,52.0
2023-05-21,51,22.0,69.0,32.0
2023-05-22,53,27.0,86.0,35.0
2023-05-23,51,24.0,54.0,35.0
2023-05-24,48,22.0,74.0,23.0
2023-05-25,56,8.0,69.0,52.0
2023-05-26,55,22.0,70.0,33.0
2023-05-27,56,13.0,79.0,45.0
2023-05-28,56,26.0,72.0,31.0
2023-05-29,46,28.0,91.0,19.0
2023-05-30,49,29.0,73.0,29.0
2023-05-31,56,19.0,73.0,35.0
2023-06-01,54,19.0,71.0,34.0
2023-06-03,48,37.0,75.0,39.0
2023-06-04,53,24.0,83.0,31.0
2023-06-05,54,19.0,90.0,33.0
2023-06-06,52,35.0,69.0,24.0
2023-06-07,49,22.0,78.0,29.0
2023-06-08,55,23.0,76.0,36.0
2023-06-09,54,49.0,79.0,25.0
2023-06-10,56,28.0,80.0,37.0
2023-06-11,53,39.0,81.0,27.0
2023-06-12,55,22.0,80.0,30.0
2023-06-13,57,32.0,76.0,27.0
2023-06-14,56,31.0,77.0,30.0
2023-06-15,54,41.0,72.0,31.0
2023-06-16,52,31.0,66.0,26.0
2023-06-17,58,19.0,80.0,44.0
2023-06-18,54,36.0,74.0,25.0
2023-06-19,51,26.0,80.0,28.0
2023-06-20,53,33.0,73.0,27.0
2023-06-21,53,32.0,79.0,31.0
2023-06-22,48,51.0,77.0,25.0
2023-06-23,52,33.0,80.0,30.0
2023-06-24,52,39.0,76.0,25.0
2023-06-25,56,32.0,86.0,65.0
2023-06-26,59,37.0,70.0,26.0
2023-06-27,52,64.0,93.0,29.0
2023-06-28,51,76.0,86.0,20.0
2023-06-29,47,46.0,100.0,19.0
2023-06-30,51,37.0,37.0,21.0
2023-07-01,57,14.0,73.0,46.0
2023-07-02,57,22.0,62.0,37.0
2023-07-03,57,35.0,85.0,28.0
2023-07-04,57,30.0,83.0,36.0
2023-07-05,53,22.0,80.0,29.0
2023-07-06,58,22.0,85.0,33.0
2023-07-07,52,41.0,84.0,26.0
2023-07-08,57,36.0,82.0,26.0
2023-07-09,52,58.0,78.0,23.0
2023-07-10,50,29.0,91.0,19.0
2023-07-11,53,29.0,84.0,30.0
2023-07-12,56,18.0,86.0,31.0
2023-07-13,52,34.0,84.0,24.0
2023-07-14,55,31.0,90.0,33.0
2023-07-15,57,50.0,62.0,27.0
2023-07-16,50,51.0,93.0,18.0
2023-07-17,46,49.0,98.0,23.0
2023-07-18,47,36.0,100.0,22.0
2023-07-19,50,49.0,93.0,26.0
2023-07-20,51,29.0,93.0,31.0
2023-07-21,53,42.0,91.0,24.0
2023-07-22,54,45.0,87.0,34.0
2023-07-23,48,39.0,100.0,22.0
2023-07-24,55,27.0,92.0,29.0
2023-07-25,54,24.0,84.0,35.0
2023-07-26,50,14.0,84.0,35.0
2023-07-27,56,19.0,64.0,28.0
2023-07-28,46,33.0,82.0,24.0
2023-07-29,52,34.0,83.0,24.0
2023-07-30,56,20.0,72.0,36.0
2023-07-31,54,27.0,86.0,27.0
2023-08-01,53,37.0,74.0,22.0
2023-08-02,51,17.0,85.0,28.0
2023-08-03,54,20.0,70.0,33.0
2023-08-04,47,39.0,82.0,25.0
2023-08-05,56,24.0,82.0,51.0
2023-08-06,47,42.0,77.0,15.0
2023-08-07,48,34.0,96.0,20.0
2023-08-08,53,34.0,88.0,25.0
2023-08-09,58,19.0,88.0,32.0
2023-08-10,55,22.0,84.0,33.0
2023-08-11,45,42.0,84.0,23.0
2023-08-12,55,12.0,85.0,64.0
2023-08-13,56,40.0,70.0,27.0
2023-08-14,54,33.0,90.0,27.0
2023-08-15,57,38.0,78.0,32.0
2023-08-16,49,32.0,86.0,20.0
2023-08-17,51,24.0,86.0,31.0
2023-08-18,49,34.0,81.0,21.0
2023-08-19,50,35.0,73.0,26.0
2023-08-20,56,30.0,80.0,40.0
2023-08-21,50,27.0,86.0,22.0
2023-08-22,51,41.0,84.0,22.0
2023-08-23,45,45.0,92.0,23.0
2023-08-24,50,29.0,95.0,25.0
2023-08-25,50,38.0,90.0,27.0
2023-08-26,53,32.0,80.0,34.0
2023-08-27,48,50.0,84.0,21.0
2023-08-28,48,49.0,99.0,20.0
2023-08-29,51,30.0,88.0,24.0
2023-08-30,47,21.0,91.0,25.0
2023-08-31,53,14.0,77.0,45.0
2023-09-01,54,31.0,80.0,36.0
2023-09-02,54,32.0,79.0,65.0
2023-09-03,53,42.0,70.0,23.0
2023-09-04,49,43.0,93.0,18.0
2023-09-05,48,33.0,95.0,23.0
2023-09-06,49,47.0,94.0,21.0
2023-09-07,49,35.0,94.0,25.0
2023-09-08,44,35.0,83.0,24.0
2023-09-09,53,16.0,79.0,51.0
2023-09-10,52,49.0,77.0,20.0
2023-09-11,47,41.0,98.0,20.0
2023-09-12,47,48.0,93.0,24.0
2023-09-13,49,25.0,96.0,31.0
2023-09-14,53,11.0,82.0,25.0
2023-09-15,59,16.0,81.0,44.0
2023-09-16,53,25.0,66.0,35.0
2023-09-17,52,42.0,76.0,24.0
2023-09-18,52,35.0,99.0,24.0
2023-09-19,55,36.0,50.0,28.0
2023-09-20,54,36.0,69.0,31.0
2023-09-21,55,5.0,49.0,38.0
2023-09-22,56,18.0,60.0,37.0
2023-09-23,60,20.0,63.0,36.0
2023-09-24,54,5.0,5.0,52.0
2023-09-25,58,14.0,29.0,31.0
2023-09-26,49,42.0,74.0,24.0
2023-09-27,45,40.0,90.0,24.0
2023-09-28,55,24.0,86.0,37.0
2023-09-29,56,51.0,84.0,26.0
2023-09-30,57,10.0,76.0,66.0
2023-10-01,57,22.0,73.0,31.0
2023-10-02,50,31.0,84.0,28.0
2023-10-03,50,11.0,72.0,35.0
2023-10-04,55,24.0,80.0,36.0
2023-10-05,55,17.0,85.0,34.0
2023-10-06,58,21.0,71.0,34.0
2023-10-07,58,17.0,82.0,57.0
2023-10-08,58,26.0,70.0,32.0
2023-10-09,54,31.0,67.0,25.0
2023-10-10,51,32.0,74.0,20.0
2023-10-11,54,24.0,80.0,25.0
2023-10-12,60,13.0,71.0,32.0
2023-10-13,51,27.0,75.0,26.0
2023-10-14,57,32.0,85.0,39.0
2023-10-15,59,18.0,77.0,42.0
2023-10-16,59,24.0,86.0,25.0
2023-10-17,57,18.0,71.0,34.0
2023-10-18,50,34.0,75.0,23.0
2023-10-19,47,36.0,79.0,23.0
2023-10-20,58,27.0,92.0,40.0
2023-10-21,58,17.0,69.0,47.0
2023-10-22,59,22.0,76.0,47.0
2023-10-23,58,23.0,89.0,29.0
2023-10-24,59,22.0,88.0,40.0
2023-10-25,55,36.0,63.0,29.0
2023-10-26,55,16.0,75.0,34.0
2023-10-27,58,17.0,78.0,37.0
2023-10-28,61,23.0,80.0,40.0
2023-10-29,50,38.0,83.0,24.0
2023-10-30,46,50.0,93.0,18.0
2023-10-31,54,36.0,84.0,27.0
2023-11-01,58,13.0,87.0,50.0
2023-11-02,47,40.0,78.0,21.0
2023-11-03,52,39.0,92.0,29.0
2023-11-04,47,12.0,85.0,39.0
2023-11-05,55,20.0,49.0,26.0
2023-11-06,50,35.0,89.0,16.0
2023-11-07,50,33.0,86.0,21.0
2023-11-08,54,22.0,90.0,31.0
2023-11-09,52,41.0,84.0,27.0
2023-11-10,55,40.0,93.0,23.0
2023-11-11,48,27.0,86.0,41.0
2023-11-12,52,28.0,70.0,35.0
2023-11-13,54,30.0,94.0,21.0
2023-11-14,50,40.0,87.0,22.0
2023-11-15,47,34.0,94.0,22.0
2023-11-16,50,44.0,85.0,23.0
2023-11-17,52,37.0,97.0,24.0
2023-11-18,48,44.0,73.0,19.0
2023-11-19,54,26.0,96.0,41.0
2023-11-20,44,44.0,81.0,20.0
2023-11-21,44,21.0,94.0,26.0
2023-11-22,46,17.0,83.0,31.0
2023-11-23,52,14.0,23.0,35.0
2023-11-24,52,17.0,79.0,41.0
2023-11-25,53,5.0,70.0,51.0
2023-11-26,53,9.0,71.0,49.0
2023-11-27,47,34.0,80.0,23.0
2023-11-28,54,18.0,81.0,32.0
2023-11-29,46,43.0,72.0,23.0
2023-11-30,50,26.0,81.0,38.0
2023-12-01,50,37.0,87.0,25.0
2023-12-02,54,15.0,85.0,54.0
2023-12-03,42,20.0,80.0,26.0
2023-12-04,45,39.0,87.0,21.0
2023-12-05,44,43.0,81.0,17.0
2023-12-06,44,40.0,95.0,18.0
2023-12-07,47,41.0,80.0,22.0
2023-12-08,45,29.0,94.0,21.0
2023-12-09,46,31.0,76.0,31.0
2023-12-10,49,11.0,87.0,52.0
2023-12-11,48,54.0,81.0,16.0
2023-12-12,50,33.0,82.0,21.0
2023-12-13,48,32.0,93.0,23.0
2023-12-15,52,27.0,27.0,35.0
2023-12-16,45,48.0,48.0,29.0
2023-12-17,53,27.0,70.0,32.0
2023-12-18,52,25.0,91.0,32.0
2023-12-19,51,20.0,65.0,30.0
2023-12-20,49,24.0,58.0,23.0
2023-12-21,54,27.0,87.0,35.0
2023-12-22,54,19.0,54.0,36.0
2023-12-23,55,17.0,82.0,45.0
2023-12-24,49,34.0,79.0,30.0
2023-12-25,56,44.0,77.0,40.0
2023-12-26,44,48.0,87.0,18.0
2023-12-27,55,16.0,96.0,37.0
2023-12-28,47,49.0,76.0,21.0
2023-12-29,49,39.0,98.0,26.0
2023-12-30,47,35.0,91.0,31.0
2023-12-31,52,29.0,84.0,29.0
2024-01-01,50,52.0,68.0,25.0
2024-01-02,47,20.0,100.0,43.0
2024-01-03,41,50.0,62.0,18.0
2024-01-04,45,33.0,100.0,27.0
2024-01-05,43,46.0,74.0,22.0
2024-01-06,50,39.0,70.0,20.0
2024-01-07,50,15.0,25.0,73.0
2024-01-08,50,50.0,79.0,20.0
2024-01-09,46,39.0,92.0,20.0
2024-01-10,48,34.0,82.0,27.0
2024-01-11,49,29.0,81.0,31.0
2024-01-12,51,27.0,72.0,28.0
2024-01-13,52,24.0,69.0,35.0
2024-01-14,53,25.0,71.0,41.0
2024-01-15,53,18.0,87.0,35.0
2024-01-16,61,20.0,77.0,38.0
2024-01-17,60,19.0,75.0,43.0
2024-01-18,47,41.0,78.0,21.0
2024-01-19,46,16.0,76.0,43.0
2024-01-20,57,25.0,59.0,49.0
2024-01-22,51,25.0,86.0,29.0
2024-01-23,60,19.0,90.0,42.0
2024-01-24,52,28.0,78.0,26.0
2024-01-25,57,12.0,24.0,75.0
2024-01-26,54,25.0,84.0,35.0
2024-01-27,58,17.0,81.0,46.0
2024-01-28,59,20.0,85.0,46.0
2024-01-29,55,22.0,88.0,28.0
2024-01-30,49,26.0,75.0,30.0
2024-01-31,46,22.0,72.0,24.0
2024-02-01,51,26.0,89.0,33.0
2024-02-02,51,33.0,89.0,29.0
2024-02-03,56,19.0,81.0,43.0
2024-02-04,55,25.0,83.0,43.0
2024-02-05,51,32.0,91.0,23.0
2024-02-06,56,26.0,90.0,40.0
2024-02-07,46,43.0,89.0,23.0
2024-02-08,52,33.0,79.0,27.0
2024-02-09,52,33.0,91.0,27.0
2024-02-10,56,18.0,77.0,41.0
2024-02-11,54,16.0,82.0,33.0
2024-02-12,46,44.0,83.0,15.0
2024-02-13,46,53.0,75.0,13.0
2024-02-14,51,35.0,95.0,24.0
2024-02-15,43,44.0,89.0,20.0
2024-02-16,53,33.0,93.0,24.0
2024-02-17,53,19.0,78.0,38.0
2024-02-18,53,19.0,80.0,38.0
2024-02-19,43,41.0,88.0,16.0
2024-02-20,50,49.0,93.0,22.0
2024-02-21,45,42.0,97.0,20.0
2024-02-22,44,51.0,82.0,19.0
2024-02-23,49,40.0,97.0,25.0
2024-02-24,51,22.0,79.0,35.0
2024-02-25,51,19.0,80.0,37.0
2024-02-26,50,38.0,79.0,18.0
2024-02-27,52,38.0,80.0,27.0
2024-02-28,53,34.0,92.0,25.0
2024-02-29,55,40.0,91.0,28.0
2024-03-01,52,36.0,91.0,23.0
2024-03-02,56,19.0,82.0,42.0
2024-03-03,55,27.0,85.0,34.0
2024-03-04,44,47.0,91.0,18.0
2024-03-05,50,37.0,87.0,25.0
2024-03-06,55,27.0,89.0,29.0
2024-03-07,56,22.0,91.0,33.0
2024-03-08,45,41.0,88.0,17.0
2024-03-09,55,30.0,81.0,29.0
2024-03-10,55,26.0,83.0,54.0
2024-03-11,43,43.0,91.0,19.0
2024-03-12,46,56.0,95.0,18.0
2024-03-13,47,37.0,95.0,24.0
2024-03-14,55,76.0,91.0,71.0
2024-03-15,49,33.0,75.0,27.0
2024-03-16,53,22.0,78.0,47.0
2024-03-17,53,24.0,76.0,30.0
2024-03-18,45,41.0,88.0,19.0
2024-03-19,50,39.0,80.0,28.0
2024-03-20,51,34.0,93.0,31.0
2024-03-21,49,41.0,88.0,20.0
2024-03-22,45,43.0,85.0,21.0
2024-03-23,53,28.0,80.0,24.0
2024-03-24,53,18.0,84.0,49.0
2024-03-25,45,47.0,88.0,17.0
2024-03-26,43,43.0,98.0,27.0
2024-03-27,52,31.0,95.0,28.0
2024-03-28,47,39.0,79.0,26.0
2024-03-29,46,52.0,90.0,20.0
2024-03-30,52,30.0,83.0,28.0
2024-03-31,43,29.0,81.0,16.0
2024-04-01,51,38.0,84.0,25.0
2024-04-02,51,31.0,83.0,35.0
2024-04-03,52,20.0,85.0,49.0
2024-04-04,52,32.0,87.0,28.0
2024-04-05,53,36.0,90.0,26.0
2024-04-06,53,32.0,79.0,34.0
2024-04-07,52,33.0,83.0,33.0
2024-04-08,51,39.0,92.0,20.0
2024-04-09,56,39.0,89.0,25.0
2024-04-10,51,38.0,92.0,26.0
2024-04-11,55,36.0,85.0,27.0
2024-04-12,48,36.0,94.0,24.0
2024-04-13,56,27.0,78.0,44.0
2024-04-14,48,46.0,78.0,33.0
2024-04-15,42,47.0,97.0,13.0
2024-04-16,43,47.0,95.0,24.0
2024-04-17,53,32.0,95.0,28.0
2024-04-18,49,42.0,91.0,27.0
2024-04-19,48,39.0,97.0,24.0
2024-04-20,48,38.0,82.0,29.0
2024-04-21,51,27.0,84.0,35.0
2024-04-22,46,41.0,89.0,19.0
2024-04-23,48,45.0,85.0,26.0
2024-04-24,50,37.0,88.0,23.0
2024-04-25,50,33.0,91.0,31.0
2024-04-26,49,40.0,82.0,24.0
2024-04-28,53,23.0,89.0,55.0
2024-04-30,48,50.0,69.0,17.0
2024-05-01,49,34.0,82.0,30.0
2024-05-02,53,44.0,93.0,26.0
2024-05-03,50,28.0,70.0,28.0
2024-05-04,54,25.0,78.0,35.0
2024-05-05,55,14.0,79.0,56.0
2024-05-06,53,34.0,83.0,21.0
2024-05-07,48,41.0,74.0,23.0
2024-05-08,51,38.0,93.0,27.0
2024-05-09,53,52.0,80.0,28.0
2024-05-10,55,21.0,85.0,37.0
2024-05-11,51,34.0,78.0,27.0
2024-05-12,56,27.0,86.0,55.0
2024-05-13,55,34.0,91.0,24.0
2024-05-14,48,28.0,35.0,21.0
2024-05-15,52,51.0,88.0,24.0
2024-05-18,55,32.0,75.0,31.0
2024-05-19,57,23.0,86.0,61.0
2024-05-20,51,54.0,83.0,22.0
2024-05-21,55,26.0,79.0,31.0
2024-05-22,56,29.0,87.0,32.0
2024-05-23,52,42.0,84.0,22.0
2024-05-24,49,45.0,96.0,21.0
2024-05-25,47,58.0,77.0,24.0
2024-05-26,48,29.0,81.0,28.0
2024-05-27,47,34.0,91.0,24.0
2024-05-28,54,36.0,76.0,28.0
2024-05-29,52,43.0,94.0,37.0
2024-05-30,54,27.0,72.0,31.0
2024-05-31,51,39.0,77.0,23.0
2024-06-01,51,33.0,78.0,33.0
2024-06-02,56,23.0,85.0,46.0
2024-06-03,51,48.0,90.0,21.0
2024-06-04,44,49.0,77.0,22.0
2024-06-05,52,37.0,97.0,25.0
2024-06-06,51,44.0,83.0,21.0
2024-06-07,49,60.0,80.0,18.0
2024-06-08,52,28.0,89.0,32.0
2024-06-09,49,54.0,75.0,18.0
2024-06-10,48,71.0,99.0,16.0
2024-06-12,51,45.0,61.0,28.0
2024-06-13,48,36.0,70.0,21.0
2024-06-15,43,27.0,83.0,24.0
2024-06-16,52,20.0,25.0,37.0
2024-06-17,52,36.0,77.0,28.0
2024-06-18,50,29.0,80.0,33.0
2024-06-19,50,44.0,76.0,23.0
2024-06-20,53,40.0,71.0,25.0
2024-06-21,53,37.0,83.0,22.0
2024-06-22,54,43.0,84.0,26.0
2024-06-23,54,20.0,67.0,51.0
2024-06-24,54,30.0,87.0,25.0
2024-06-25,56,21.0,79.0,36.0
2024-06-26,58,31.0,90.0,31.0
2024-06-27,58,32.0,92.0,30.0
2024-06-28,58,28.0,85.0,30.0
2024-06-29,53,36.0,56.0,26.0
2024-06-30,49,51.0,65.0,13.0
2024-07-01,51,35.0,87.0,26.0
2024-07-02,49,37.0,94.0,28.0
2024-07-03,57,27.0,30.0,29.0
2024-07-04,57,13.0,67.0,40.0
2024-07-05,57,14.0,39.0,40.0
2024-07-06,57,8.0,65.0,49.0
2024-07-07,59,21.0,50.0,34.0
2024-07-08,49,44.0,89.0,17.0
2024-07-09,56,40.0,77.0,28.0
2024-07-10,56,41.0,92.0,22.0
2024-07-11,60,26.0,96.0,36.0
2024-07-12,47,38.0,79.0,31.0
2024-07-13,59,19.0,73.0,38.0
2024-07-14,59,20.0,88.0,41.0
2024-07-15,49,49.0,88.0,16.0
2024-07-16,53,33.0,67.0,25.0
2024-07-17,49,34.0,70.0,22.0
2024-07-18,49,36.0,82.0,27.0
2024-07-19,49,45.0,92.0,19.0
2024-07-20,53,25.0,89.0,30.0
2024-07-21,50,43.0,67.0,15.0
2024-07-22,53,38.0,96.0,23.0
2024-07-23,52,42.0,85.0,22.0
2024-07-24,55,25.0,86.0,37.0
2024-07-25,54,29.0,81.0,28.0
2024-07-26,53,28.0,31.0,15.0
2024-07-27,56,11.0,81.0,41.0
2024-07-28,58,11.0,55.0,50.0
2024-07-29,55,39.0,85.0,20.0
2024-07-30,52,48.0,79.0,22.0
2024-07-31,47,44.0,98.0,21.0
2024-08-01,49,35.0,94.0,23.0
2024-08-02,54,37.0,94.0,27.0
2024-08-03,57,20.0,73.0,33.0
2024-08-04,56,36.0,74.0,23.0
2024-08-05,50,53.0,93.0,13.0
2024-08-06,44,58.0,87.0,11.0
2024-08-07,52,47.0,99.0,22.0
2024-08-08,56,23.0,27.0,20.0
2024-08-09,50,35.0,50.0,17.0
2024-08-10,53,37.0,78.0,29.0
2024-08-11,55,28.0,90.0,34.0
2024-08-12,55,43.0,92.0,21.0
2024-08-13,50,56.0,79.0,15.0
2024-08-14,48,43.0,87.0,17.0
2024-08-15,56,23.0,52.0,29.0
2024-08-16,50,43.0,88.0,15.0
2024-08-17,56,43.0,88.0,29.0
2024-08-18,58,20.0,88.0,37.0
2024-08-19,49,51.0,88.0,18.0
2024-08-20,43,47.0,86.0,14.0
2024-08-21,48,56.0,89.0,18.0
2024-08-22,51,65.0,88.0,20.0
2024-08-23,48,30.0,90.0,22.0
2024-08-24,54,18.0,77.0,28.0
2024-08-25,53,42.0,88.0,49.0
2024-08-26,59,32.0,82.0,31.0
2024-08-27,53,38.0,91.0,29.0
2024-08-28,56,42.0,84.0,22.0
2024-08-30,58,19.0,29.0,24.0
2024-08-31,58,30.0,85.0,31.0
2024-09-01,58,32.0,71.0,35.0
2024-09-02,57,43.0,90.0,21.0
2024-09-03,61,23.0,76.0,28.0
2024-09-04,51,46.0,88.0,18.0
2024-09-05,53,35.0,73.0,23.0
2024-09-06,48,44.0,82.0,17.0
2024-09-07,59,27.0,84.0,33.0
2024-09-08,59,24.0,83.0,44.0
2024-09-09,54,37.0,84.0,22.0
2024-09-10,45,53.0,83.0,16.0
2024-09-11,56,40.0,88.0,22.0
2024-09-12,58,19.0,82.0,28.0
2024-09-13,57,34.0,84.0,23.0
2024-09-14,56,31.0,80.0,26.0
2024-09-15,58,27.0,83.0,34.0
2024-09-16,57,37.0,87.0,25.0
2024-09-17,45,41.0,95.0,23.0
2024-09-18,59,61.0,70.0,14.0
2024-09-19,48,64.0,64.0,17.0
2024-09-20,51,31.0,93.0,22.0
2024-09-21,54,23.0,69.0,36.0
2024-09-22,55,37.0,86.0,31.0
2024-09-23,46,35.0,89.0,20.0
2024-09-24,47,31.0,71.0,28.0
2024-09-25,51,36.0,73.0,24.0
2024-09-26,52,25.0,84.0,29.0
2024-09-27,54,15.0,40.0,28.0
2024-09-28,51,30.0,44.0,22.0
2024-09-29,52,65.0,83.0,22.0
2024-09-30,54,16.0,76.0,40.0
2024-10-01,54,10.0,57.0,36.0
2024-10-02,57,24.0,55.0,32.0
2024-10-03,55,29.0,67.0,31.0
2024-10-04,57,23.0,49.0,29.0
2024-10-05,59,5.0,38.0,54.0
2024-10-06,58,5.0,30.0,41.0
2024-10-08,60,25.0,67.0,38.0
2024-10-09,56,23.0,83.0,38.0
2024-10-11,55,40.0,90.0,26.0
2024-10-12,61,6.0,81.0,55.0
2024-10-13,61,12.0,49.0,35.0
2024-10-14,66,5.0,59.0,50.0
2024-10-15,63,8.0,63.0,44.0
2024-10-16,65,23.0,73.0,54.0
2024-10-17,66,62.0,67.0,58.0
2024-10-18,59,21.0,39.0,36.0
2024-10-19,61,5.0,10.0,44.0
2024-10-20,57,25.0,60.0,26.0
2024-10-21,46,35.0,78.0,22.0
2024-10-22,52,31.0,90.0,26.0
2024-10-23,50,39.0,93.0,29.0
2024-10-24,58,24.0,94.0,30.0
2024-10-25,55,7.0,77.0,46.0
2024-10-26,51,24.0,50.0,26.0
2024-10-27,56,22.0,83.0,43.0
2024-10-28,58,31.0,77.0,29.0
2024-10-29,51,33.0,87.0,23.0
2024-10-30,48,30.0,93.0,29.0
2024-10-31,53,37.0,70.0,19.0
2024-11-01,57,30.0,78.0,30.0
2024-11-02,58,27.0,91.0,30.0
2024-11-03,57,42.0,85.0,34.0
2024-11-04,55,51.0,81.0,15.0
2024-11-06,56,39.0,73.0,19.0
2024-11-07,56,34.0,77.0,24.0
2024-11-08,49,19.0,72.0,26.0
2024-11-09,59,6.0,47.0,33.0
2024-11-10,54,16.0,33.0,24.0
2024-11-11,49,44.0,63.0,18.0
2024-11-12,55,24.0,74.0,30.0
2024-11-13,53,29.0,61.0,25.0
2024-11-14,49,35.0,54.0,18.0
2024-11-15,54,26.0,58.0,24.0
2024-11-16,52,25.0,64.0,24.0
2024-11-17,69,15.0,66.0,61.0
2024-11-18,54,31.0,64.0,30.0
2024-11-19,57,18.0,71.0,27.0
2024-11-20,61,36.0,44.0,42.0
2024-11-21,61,18.0,26.0,36.0
2024-11-22,63,6.0,27.0,50.0
2024-11-23,54,22.0,68.0,28.0
2024-11-24,60,26.0,78.0,35.0
2024-11-25,57,18.0,67.0,32.0
2024-11-26,53,38.0,79.0,25.0
2024-11-27,53,32.0,84.0,26.0
2024-11-28,51,31.0,75.0,24.0
2024-11-29,59,12.0,91.0,49.0
2024-11-30,60,24.0,79.0,38.0
2024-12-01,56,23.0,83.0,29.0
2024-12-02,55,44.0,87.0,19.0
2024-12-03,55,26.0,97.0,32.0
2024-12-04,51,35.0,85.0,22.0
2024-12-05,57,24.0,84.0,33.0
2024-12-06,53,16.0,73.0,28.0
2024-12-07,57,23.0,82.0,27.0
2024-12-08,59,16.0,81.0,41.0
2024-12-09,50,37.0,87.0,23.0
2024-12-10,56,36.0,93.0,35.0
2024-12-11,59,13.0,83.0,22.0
2024-12-12,44,32.0,76.0,17.0
2024-12-13,48,39.0,91.0,19.0
2024-12-14,57,13.0,77.0,46.0
2024-12-15,60,12.0,80.0,56.0
2024-12-16,48,58.0,82.0,17.0
2024-12-18,55,14.0,75.0,39.0
2024-12-20,54,19.0,84.0,31.0
2024-12-21,52,29.0,82.0,30.0
2024-12-22,49,28.0,71.0,24.0
2024-12-23,57,25.0,66.0,36.0
2024-12-24,57,67.0,83.0,19.0
2024-12-25,57,23.0,78.0,30.0
2024-12-26,48,41.0,81.0,18.0
2024-12-27,52,10.0,41.0,28.0
2024-12-28,48,12.0,26.0,24.0
2024-12-29,46,46.0,56.0,19.0
2024-12-30,46,22.0,97.0,26.0
2024-12-31,54,7.0,43.0,35.0
2025-01-01,51,51.0,54.0,28.0
2025-01-02,46,41.0,100.0,21.0
2025-01-03,52,36.0,74.0,29.0
2025-01-04,48,24.0,67.0,31.0
2025-01-05,53,30.0,63.0,32.0
2025-01-06,56,30.0,63.0,40.0
2025-01-07,53,21.0,54.0,32.0
2025-01-08,55,19.0,84.0,45.0
2025-01-09,54,25.0,73.0,34.0
2025-01-10,46,18.0,83.0,33.0
2025-01-11,57,14.0,70.0,54.0
2025-01-12,56,18.0,83.0,55.0
2025-01-13,57,21.0,86.0,38.0
2025-01-14,61,24.0,86.0,35.0
2025-01-15,59,21.0,87.0,31.0
2025-01-16,58,19.0,73.0,37.0
2025-01-17,55,13.0,61.0,25.0
2025-01-18,60,12.0,71.0,46.0
2025-01-19,51,21.0,77.0,36.0
2025-01-20,51,31.0,84.0,25.0
2025-01-21,45,39.0,80.0,23.0
2025-01-22,49,34.0,93.0,26.0
2025-01-23,52,27.0,79.0,34.0
2025-01-24,45,23.0,90.0,25.0
2025-01-25,53,24.0,77.0,32.0
2025-01-26,53,38.0,79.0,45.0
2025-01-27,54,31.0,86.0,28.0
2025-01-28,56,21.0,77.0,29.0
2025-01-29,47,36.0,84.0,21.0
2025-01-30,55,22.0,28.0,26.0
2025-01-31,45,27.0,83.0,25.0
2025-02-01,52,32.0,78.0,27.0
2025-02-02,56,21.0,81.0,56.0
2025-02-03,53,33.0,87.0,25.0
2025-02-04,47,30.0,81.0,25.0
2025-02-05,49,34.0,89.0,23.0
2025-02-06,54,32.0,55.0,33.0
2025-02-07,48,29.0,92.0,21.0
2025-02-08,55,32.0,77.0,47.0
2025-02-09,55,25.0,78.0,27.0
2025-02-10,48,40.0,89.0,20.0
2025-02-11,51,28.0,41.0,37.0
2025-02-12,54,32.0,85.0,25.0
2025-02-13,48,45.0,78.0,14.0
2025-02-14,49,28.0,94.0,21.0
2025-02-15,55,36.0,83.0,29.0
2025-02-16,55,23.0,81.0,29.0
2025-02-17,48,43.0,88.0,17.0
2025-02-18,42,49.0,81.0,17.0
2025-02-19,48,37.0,95.0,18.0
2025-02-20,47,42.0,76.0,27.0
2025-02-21,51,13.0,81.0,26.0
2025-02-22,46,33.0,68.0,24.0
2025-02-23,51,28.0,57.0,31.0
2025-02-24,45,43.0,91.0,21.0
2025-02-25,44,52.0,82.0,17.0
2025-02-26,52,31.0,94.0,30.0
2025-02-27,52,37.0,79.0,24.0
2025-02-28,51,29.0,78.0,23.0
2025-03-01,47,40.0,79.0,24.0
2025-03-02,44,40.0,80.0,18.0
2025-03-03,44,42.0,95.0,22.0
2025-03-04,42,26.0,57.0,22.0
2025-03-05,42,38.0,95.0,19.0
2025-03-06,44,40.0,94.0,23.0
2025-03-07,46,31.0,83.0,28.0
2025-03-08,48,34.0,83.0,26.0
2025-03-09,48,27.0,72.0,83.0
2025-03-10,47,51.0,85.0,19.0
2025-03-11,42,39.0,88.0,20.0
2025-03-12,49,46.0,81.0,22.0
2025-03-13,48,72.0,96.0,18.0
2025-03-14,50,14.0,39.0,32.0
2025-03-15,51,8.0,66.0,37.0
2025-03-16,51,16.0,79.0,35.0
2025-03-17,49,36.0,86.0,21.0
2025-03-18,50,40.0,83.0,25.0
2025-03-19,46,39.0,79.0,18.0
2025-03-20,47,29.0,80.0,25.0
2025-03-21,44,57.0,86.0,20.0
2025-03-22,52,27.0,81.0,38.0
2025-03-23,52,18.0,90.0,43.0
2025-03-24,42,49.0,86.0,15.0
2025-03-25,47,39.0,99.0,21.0
2025-03-26,48,43.0,94.0,23.0
2025-03-27,48,41.0,81.0,25.0
2025-03-28,51,52.0,92.0,29.0
2025-03-29,52,24.0,85.0,44.0
2025-03-30,52,38.0,79.0,25.0
2025-03-31,49,34.0,92.0,16.0
2025-04-01,48,47.0,88.0,16.0
2025-04-02,52,26.0,72.0,31.0
2025-04-03,55,24.0,71.0,40.0
2025-04-04,49,49.0,74.0,23.0
2025-04-05,55,22.0,71.0,31.0
2025-04-06,55,20.0,87.0,36.0
2025-04-07,46,58.0,70.0,10.0
2025-04-08,53,53.0,63.0,27.0
2025-04-09,48,74.0,88.0,16.0
2025-04-10,49,43.0,89.0,20.0
2025-04-11,55,23.0,43.0,38.0
2025-04-12,54,26.0,82.0,41.0
2025-04-13,50,53.0,63.0,22.0
2025-04-14,49,54.0,94.0,24.0
2025-04-15,49,22.0,56.0,26.0
2025-04-16,55,5.0,29.0,25.0
2025-04-17,52,9.0,49.0,35.0
2025-04-18,53,9.0,67.0,38.0
2025-04-19,51,21.0,58.0,26.0
2025-04-20,52,19.0,69.0,27.0
2025-04-21,52,21.0,68.0,36.0
2025-04-22,57,36.0,45.0,32.0
2025-04-27,57,26.0,36.0,37.0
2025-04-28,56,5.0,55.0,42.0
2025-04-29,61,33.0,79.0,36.0
2025-04-30,54,41.0,53.0,31.0
2025-05-01,56,24.0,73.0,30.0
2025-05-02,59,48.0,86.0,26.0
2025-05-03,57,41.0,77.0,24.0
2025-05-04,61,23.0,86.0,42.0
2025-05-05,53,54.0,86.0,23.0
2025-05-06,50,43.0,75.0,20.0
2025-05-07,57,25.0,97.0,32.0
2025-05-08,55,40.0,79.0,27.0
2025-05-09,51,48.0,88.0,20.0
2025-05-10,50,27.0,83.0,34.0
2025-05-11,51,48.0,80.0,29.0
2025-05-12,46,46.0,90.0,23.0
2025-05-13,55,14.0,70.0,32.0
2025-05-14,43,38.0,89.0,21.0
2025-05-15,50,38.0,69.0,28.0
2025-05-16,53,19.0,69.0,57.0
2025-05-17,50,33.0,77.0,29.0
2025-05-18,50,40.0,91.0,26.0
2025-05-19,54,45.0,91.0,24.0
2025-05-20,48,28.0,70.0,28.0
2025-05-21,50,44.0,61.0,30.0
2025-05-22,53,39.0,69.0,31.0
2025-05-23,54,18.0,78.0,31.0
2025-05-24,56,40.0,77.0,28.0
2025-05-25,55,43.0,81.0,25.0
2025-05-26,49,44.0,76.0,25.0
2025-05-28,56,18.0,87.0,30.0
2025-05-29,47,51.0,71.0,22.0
2025-05-30,55,30.0,86.0,30.0
2025-05-31,56,39.0,62.0,33.0
2025-06-01,57,6.0,56.0,40.0
2025-06-02,57,35.0,57.0,25.0
2025-06-03,59,13.0,63.0,26.0
2025-06-04,53,50.0,86.0,24.0
2025-06-06,57,43.0,43.0,30.0
2025-06-07,61,33.0,64.0,48.0
2025-06-08,51,21.0,75.0,41.0
2025-06-09,47,47.0,73.0,19.0
2025-06-10,58,20.0,89.0,39.0
2025-06-11,55,22.0,87.0,25.0
2025-06-12,48,33.0,70.0,29.0
2025-06-13,46,48.0,81.0,21.0
2025-06-14,47,44.0,74.0,22.0
2025-06-15,55,29.0,92.0,41.0
2025-06-16,52,28.0,86.0,24.0
2025-06-17,56,17.0,75.0,41.0
2025-06-18,55,6.0,39.0,41.0
2025-06-19,47,51.0,72.0,25.0
2025-06-20,50,23.0,86.0,32.0
2025-06-21,55,23.0,71.0,27.0
2025-06-22,57,28.0,81.0,37.0
2025-06-23,54,47.0,90.0,25.0
2025-06-24,49,34.0,91.0,21.0
2025-06-25,48,56.0,94.0,20.0
2025-06-26,48,38.0,84.0,28.0
2025-06-27,55,24.0,77.0,32.0
2025-06-28,55,32.0,73.0,26.0
2025-06-29,56,44.0,87.0,29.0
2025-06-30,50,51.0,86.0,19.0
2025-07-01,52,31.0,90.0,25.0
2025-07-02,53,47.0,69.0,23.0
2025-07-03,49,27.0,82.0,26.0
2025-07-04,45,34.0,77.0,21.0
2025-07-05,55,23.0,72.0,37.0
2025-07-06,49,73.0,80.0,28.0
2025-07-07,46,48.0,100.0,20.0
2025-07-08,53,31.0,79.0,31.0
2025-07-10,50,35.0,58.0,18.0
2025-07-11,55,13.0,78.0,44.0
2025-07-12,55,23.0,73.0,27.0
2025-07-13,56,35.0,71.0,28.0
2025-07-14,49,30.0,79.0,20.0
2025-07-15,56,25.0,92.0,20.0
2025-07-16,58,30.0,70.0,30.0
2025-07-17,55,9.0,11.0,26.0
2025-07-18,59,13.0,63.0,33.0
2025-07-19,56,30.0,70.0,23.0
2025-07-20,55,29.0,76.0,21.0
2025-07-21,49,47.0,85.0,20.0
2025-07-22,50,32.0,65.0,30.0
2025-07-23,52,59.0,76.0,24.0
2025-07-24,58,47.0,62.0,20.0
2025-07-25,56,20.0,70.0,30.0
2025-07-26,59,44.0,78.0,28.0
2025-07-27,58,22.0,65.0,35.0
2025-07-28,53,40.0,57.0,22.0
2025-07-29,58,19.0,74.0,34.0
2025-07-30,54,43.0,71.0,20.0
2025-07-31,54,18.0,87.0,34.0
2025-08-01,48,44.0,68.0,20.0
2025-08-04,58,40.0,51.0,50.0
2025-08-05,51,24.0,40.0,26.0
2025-08-06,49,51.0,87.0,25.0
2025-08-08,52,39.0,73.0,25.0
2025-08-09,55,32.0,83.0,32.0
2025-08-10,57,25.0,82.0,42.0
2025-08-11,57,39.0,63.0,36.0
2025-08-12,52,42.0,77.0,25.0
2025-08-13,47,36.0,72.0,23.0
2025-08-14,54,20.0,88.0,26.0
2025-08-15,48,24.0,71.0,34.0
2025-08-16,53,18.0,50.0,36.0
2025-08-17,56,33.0,78.0,39.0
2025-08-18,55,37.0,65.0,30.0
2025-08-19,51,35.0,73.0,31.0
2025-08-20,53,30.0,59.0,30.0
2025-08-21,49,65.0,90.0,18.0
2025-08-22,54,36.0,59.0,30.0
2025-08-23,57,28.0,58.0,39.0
2025-08-24,57,16.0,68.0,34.0
2025-08-25,51,39.0,84.0,23.0
2025-08-26,50,34.0,93.0,23.0
2025-08-27,56,14.0,72.0,24.0
2025-08-28,54,50.0,79.0,27.0
2025-08-29,51,30.0,82.0,28.0
2025-08-30,57,27.0,79.0,38.0
2025-08-31,53,37.0,52.0,31.0
2025-09-01,51,49.0,89.0,18.0
2025-09-02,59,58.0,84.0,37.0
2025-09-03,55,45.0,88.0,25.0
2025-09-04,58,21.0,60.0,31.0
2025-09-05,65,17.0,76.0,42.0
2025-09-06,59,31.0,64.0,28.0
2025-09-07,62,12.0,81.0,39.0
2025-09-08,55,45.0,74.0,22.0
2025-09-09,55,18.0,86.0,27.0
2025-09-10,54,34.0,79.0,20.0
2025-09-11,50,25.0,82.0,26.0
2025-09-12,60,6.0,69.0,56.0
2025-09-13,52,36.0,52.0,25.0
2025-09-14,55,42.0,57.0,27.0
2025-09-15,57,67.0,74.0,21.0
2025-09-16,61,31.0,75.0,31.0
2025-09-17,60,35.0,76.0,26.0
2025-09-18,48,43.0,74.0,19.0
2025-09-20,49,46.0,70.0,18.0
2025-09-21,51,46.0,72.0,21.0
2025-09-22,59,25.0,90.0,38.0
2025-09-23,61,26.0,65.0,31.0
2025-09-24,58,31.0,76.0,33.0
2025-09-25,53,35.0,77.0,32.0
2025-09-26,59,25.0,69.0,24.0
2025-09-27,46,35.0,61.0,18.0
2025-09-28,60,19.0,68.0,32.0
2025-09-29,58,43.0,86.0,22.0
2025-09-30,57,33.0,78.0,31.0
2025-10-01,60,26.0,78.0,23.0
2025-10-02,58,24.0,83.0,36.0
2025-10-03,58,24.0,66.0,24.0
2025-10-04,51,35.0,81.0,17.0
2025-10-05,56,44.0,69.0,18.0
2025-10-06,56,23.0,90.0,17.0
2025-10-07,58,32.0,88.0,31.0
2025-10-08,59,19.0,61.0,30.0
2025-10-09,53,34.0,75.0,23.0
2025-10-10,49,31.0,85.0,28.0
2025-10-11,54,16.0,74.0,26.0
2025-10-12,46,36.0,39.0,28.0
2025-10-13,51,33.0,79.0,22.0
2025-10-14,56,39.0,42.0,29.0
2025-10-15,56,47.0,77.0,19.0
2025-10-16,56,44.0,80.0,25.0
2025-10-17,56,37.0,79.0,25.0
2025-10-18,57,43.0,83.0,23.0
2025-10-19,48,43.0,90.0,14.0
2025-10-20,48,49.0,91.0,18.0
2025-10-21,58,38.0,83.0,29.0
2025-10-22,56,55.0,81.0,21.0
2025-10-23,51,38.0,88.0,25.0
2025-10-24,56,35.0,83.0,21.0
2025-10-25,50,64.0,87.0,10.0
2025-10-26,51,55.0,97.0,24.0
2025-10-27,51,52.0,84.0,15.0
2025-10-28,53,43.0,81.0,22.0
2025-10-29,49,40.0,87.0,19.0
2025-10-30,49,30.0,87.0,22.0
2025-10-31,56,33.0,86.0,24.0
2025-11-01,48,48.0,81.0,14.0
2025-11-02,52,56.0,92.0,14.0
2025-11-03,48,43.0,55.0,20.0
2025-11-04,51,41.0,77.0,18.0
2025-11-05,52,38.0,93.0,21.0
2025-11-06,47,69.0,95.0,19.0
2025-11-07,50,27.0,84.0,35.0
2025-11-08,54,45.0,84.0,32.0
2025-11-09,54,14.0,86.0,36.0
2025-11-10,47,37.0,75.0,22.0
2025-11-11,48,38.0,73.0,30.0
2025-11-12,54,41.0,62.0,37.0
2025-11-13,55,14.0,62.0,40.0
2025-11-14,48,33.0,74.0,28.0
2025-11-15,55,22.0,80.0,35.0
2025-11-16,55,22.0,87.0,33.0
2025-11-17,50,30.0,89.0,25.0
2025-11-18,50,28.0,74.0,25.0
2025-11-19,56,13.0,76.0,36.0
2025-11-20,56,25.0,78.0,33.0
2025-11-21,57,9.0,87.0,45.0
2025-11-22,57,13.0,62.0,40.0
2025-11-23,56,11.0,82.0,33.0
2025-11-24,50,37.0,81.0,21.0
2025-11-25,46,28.0,74.0,26.0
2025-11-26,43,24.0,89.0,32.0
2025-11-27,56,26.0,75.0,32.0
2025-11-28,51,23.0,77.0,33.0
2025-11-29,54,38.0,80.0,40.0
2025-11-30,54,12.0,80.0,45.0
2025-12-01,48,34.0,81.0,19.0
2025-12-02,55,28.0,78.0,35.0
2025-12-03,55,32.0,90.0,30.0
2025-12-04,57,30.0,84.0,34.0
2025-12-05,50,27.0,81.0,27.0
2025-12-06,58,28.0,75.0,31.0
2025-12-07,55,89.0,89.0,24.0
2025-12-08,56,46.0,100.0,17.0
2025-12-09,55,57.0,92.0,18.0
2025-12-10,56,43.0,81.0,14.0
2025-12-11,57,42.0,80.0,12.0
2025-12-12,54,59.0,82.0,12.0
2025-12-13,49,45.0,97.0,19.0
2025-12-14,58,5.0,65.0,37.0
2025-12-15,53,26.0,80.0,27.0
2025-12-16,55,28.0,72.0,27.0
2025-12-17,53,14.0,93.0,35.0
2025-12-18,53,21.0,71.0,37.0
2025-12-19,56,7.0,44.0,44.0
2025-12-20,56,19.0,67.0,32.0
2025-12-21,60,25.0,66.0,38.0
2025-12-22,52,24.0,67.0,25.0
2025-12-23,55,16.0,66.0,35.0
2025-12-24,55,26.0,88.0,31.0
2025-12-25,60,5.0,26.0,42.0
2025-12-26,58,12.0,69.0,39.0
2025-12-27,60,21.0,66.0,48.0
2025-12-28,61,12.0,73.0,60.0
2025-12-29,50,32.0,85.0,25.0
2025-12-30,50,24.0,57.0,33.0
2025-12-31,60,16.0,72.0,35.0
2026-01-01,60,25.0,78.0,31.0
2026-01-02,61,22.0,76.0,37.0
2026-01-03,58,36.0,64.0,29.0
2026-01-04,60,36.0,69.0,39.0
2026-01-05,52,49.0,82.0,22.0
2026-01-06,55,38.0,90.0,36.0
2026-01-07,58,21.0,69.0,33.0
2026-01-08,57,33.0,91.0,38.0
2026-01-09,57,5.0,62.0,41.0
2026-01-10,51,46.0,46.0,21.0
2026-01-11,56,17.0,74.0,28.0
2026-01-12,49,31.0,46.0,19.0
2026-01-15,47,39.0,86.0,27.0
2026-01-16,46,21.0,75.0,36.0
2026-01-17,49,9.0,63.0,29.0
2026-01-18,52,5.0,57.0,58.0
2026-01-19,53,17.0,83.0,32.0
2026-01-20,53,22.0,85.0,41.0
2026-01-21,53,13.0,87.0,47.0
2026-01-22,53,21.0,77.0,35.0
2026-01-23,54,31.0,76.0,38.0
2026-01-24,55,14.0,80.0,47.0
2026-01-25,56,37.0,74.0,32.0
2026-01-26,55,23.0,93.0,32.0
2026-01-27,58,25.0,80.0,36.0
2026-01-28,58,27.0,89.0,32.0
2026-01-29,53,45.0,87.0,32.0
2026-01-30,56,21.0,79.0,32.0
2026-01-31,57,35.0,84.0,29.0
2026-02-01,56,40.0,79.0,30.0
2026-02-02,56,18.0,77.0,30.0
2026-02-03,60,32.0,83.0,42.0
2026-02-04,60,22.0,68.0,34.0
2026-02-05,56,30.0,78.0,32.0
2026-02-06,55,17.0,80.0,41.0
2026-02-07,61,13.0,54.0,40.0
2026-02-08,55,43.0,70.0,38.0
2026-02-09,48,34.0,86.0,30.0
2026-02-10,54,18.0,58.0,28.0
2026-02-11,54,15.0,82.0,30.0
2026-02-12,59,21.0,75.0,44.0
2026-02-13,59,5.0,85.0,43.0
2026-02-14,62,30.0,72.0,29.0
2026-02-15,59,39.0,58.0,30.0
2026-02-16,53,45.0,82.0,25.0
2026-02-17,58,31.0,82.0,36.0
2026-02-18,59,41.0,79.0,28.0
2026-02-19,52,26.0,69.0,33.0
2026-02-20,53,10.0,48.0,33.0
2026-02-21,57,16.0,44.0,35.0
2026-02-22,52,39.0,39.0,29.0
2026-02-23,55,13.0,83.0,38.0
2026-02-24,56,19.0,82.0,40.0
2026-02-25,58,,,
2026-02-26,59,8.0,23.0,41.0
2026-02-27,51,14.0,53.0,29.0
2026-02-28,59,18.0,72.0,36.0
2026-03-01,56,14.0,70.0,33.0
2026-03-02,51,34.0,79.0,28.0
2026-03-03,55,27.0,66.0,28.0
2026-03-04,48,48.0,90.0,26.0
2026-03-05,47,34.0,88.0,32.0
2026-03-06,52,28.0,74.0,33.0
2026-03-07,54,18.0,66.0,37.0
2026-03-08,55,6.0,65.0,46.0
2026-03-09,47,23.0,77.0,27.0
2026-03-10,55,5.0,9.0,37.0
2026-03-11,51,20.0,64.0,28.0
2026-03-12,53,11.0,69.0,41.0
2026-03-13,54,13.0,79.0,38.0
2026-03-14,56,21.0,73.0,54.0
2026-03-15,57,12.0,75.0,38.0
2026-03-16,55,35.0,83.0,30.0
2026-03-17,48,25.0,84.0,30.0
2026-03-18,55,21.0,87.0,34.0
2026-03-19,57,30.0,73.0,41.0
2026-03-20,58,20.0,76.0,38.0
2026-03-21,58,46.0,78.0,32.0
2026-03-22,59,6.0,84.0,38.0
2026-03-23,52,53.0,74.0,25.0
2026-03-24,60,37.0,76.0,39.0
2026-03-25,49,25.0,77.0,29.0
2026-03-26,55,31.0,72.0,35.0
2026-03-27,59,17.0,60.0,41.0
2026-03-28,60,5.0,61.0,49.0
2026-03-29,64,24.0,75.0,32.0
2026-03-30,55,32.0,75.0,26.0
2026-03-31,57,21.0,70.0,36.0
2026-04-01,52,43.0,65.0,32.0
2026-04-02,59,17.0,75.0,37.0
2026-04-03,59,6.0,68.0,48.0
2026-04-04,57,53.0,70.0,28.0
2026-04-05,59,39.0,84.0,46.0
2026-04-06,52,37.0,72.0,30.0
2026-04-07,55,17.0,75.0,34.0
2026-04-08,56,8.0,66.0,41.0
2026-04-09,60,19.0,69.0,40.0
2026-04-10,55,7.0,71.0,41.0
2026-04-11,60,28.0,63.0,50.0
2026-04-12,60,28.0,69.0,49.0
2026-04-13,59,20.0,73.0,37.0
2026-04-14,61,14.0,69.0,41.0
2026-04-15,58,24.0,85.0,39.0
2026-04-16,59,22.0,85.0,40.0
2026-04-17,60,16.0,81.0,43.0
2026-04-18,58,38.0,78.0,39.0
2026-04-19,59,37.0,65.0,41.0
2026-04-20,57,23.0,63.0,32.0
2026-04-21,56,19.0,73.0,35.0
2026-04-22,54,10.0,67.0,36.0
2026-04-23,51,29.0,46.0,35.0
2026-04-24,57,13.0,71.0,43.0
2026-04-25,54,39.0,81.0,31.0
2026-04-26,48,60.0,83.0,19.0
2026-04-27,52,47.0,100.0,19.0
2026-04-28,49,31.0,90.0,31.0
2026-04-29,50,17.0,77.0,30.0
2026-04-30,54,44.0,74.0,30.0
2026-05-01,51,45.0,99.0,20.0
2026-05-02,51,42.0,97.0,17.0
2026-05-03,51,33.0,91.0,26.0
2026-05-04,48,45.0,96.0,21.0
2026-05-05,48,33.0,95.0,24.0
2026-05-06,52,39.0,76.0,15.0
2026-05-07,50,42.0,96.0,25.0
2026-05-08,49,36.0,99.0,23.0
2026-05-09,51,24.0,60.0,32.0
2026-05-10,53,39.0,82.0,29.0
2026-05-11,51,52.0,91.0,21.0
2026-05-12,47,26.0,100.0,25.0
2026-05-13,53,10.0,65.0,34.0
2026-05-14,51,10.0,62.0,32.0
2026-05-15,53,33.0,51.0,28.0
2026-05-16,53,5.0,68.0,35.0
2026-05-17,55,5.0,22.0,37.0
2026-05-18,57,8.0,52.0,27.0
2026-05-19,57,5.0,36.0,37.0
2026-05-20,48,5.0,34.0,34.0
2026-05-21,55,20.0,44.0,32.0
2026-05-22,55,8.0,58.0,33.0
2026-05-23,58,5.0,28.0,39.0
2026-05-24,52,30.0,65.0,32.0
2026-05-25,55,24.0,81.0,41.0
2026-05-26,54,7.0,62.0,42.0
2026-05-27,59,11.0,82.0,51.0
2026-05-28,62,14.0,79.0,45.0
2026-05-29,59,12.0,70.0,41.0
2026-05-30,56,20.0,66.0,31.0
2026-05-31,61,8.0,73.0,61.0
2026-06-01,61,31.0,72.0,37.0
2026-06-02,62,13.0,64.0,42.0
2026-06-03,54,39.0,67.0,30.0
2026-06-04,61,8.0,58.0,44.0
2026-06-05,62,24.0,68.0,32.0
2026-06-06,52,21.0,58.0,26.0
2026-06-07,56,5.0,52.0,47.0
2026-06-08,58,13.0,45.0,32.0
2026-06-09,59,5.0,14.0,33.0
2026-06-10,61,48.0,86.0,37.0
2026-06-13,63,7.0,64.0,56.0
2026-06-14,57,21.0,54.0,37.0
2026-06-15,56,13.0,56.0,34.0
2026-06-16,60,6.0,65.0,46.0
2026-06-17,63,8.0,65.0,42.0
2026-06-18,66,16.0,45.0,51.0
2026-06-19,59,5.0,55.0,42.0
2026-06-20,56,30.0,48.0,28.0
2026-06-21,62,18.0,74.0,49.0
2026-06-22,62,18.0,67.0,35.0
